Secuencia,Timestamp,Valor,Anormal,Fuente
0,2026-01-08T15:57:57.784545800,-33882.92155314637,NO,ARCHIVO_CICLO
1,2026-01-08T15:57:57.784545800,0.0,SÍ,ARCHIVO_CICLO
2,2026-01-08T15:57:57.784545800,0.0,SÍ,ARCHIVO_CICLO
3,2026-01-08T15:57:57.784545800,19.9,NO,ARCHIVO_CICLO
4,2026-01-08T15:57:57.784545800,20.1,NO,ARCHIVO_CICLO
5,2026-01-08T15:57:57.784545800,19.4,NO,ARCHIVO_CICLO
6,2026-01-08T15:57:57.784545800,0.0,SÍ,ARCHIVO_CICLO
7,2026-01-08T15:57:57.784545800,19.1,NO,ARCHIVO_CICLO
8,2026-01-08T15:57:57.793694600,-33882.92155314637,NO,ARCHIVO_CICLO
9,2026-01-08T15:57:57.793694600,0.0,SÍ,ARCHIVO_CICLO
10,2026-01-08T15:57:57.793694600,0.0,SÍ,ARCHIVO_CICLO
11,2026-01-08T15:57:57.793694600,21.0,NO,ARCHIVO_CICLO
12,2026-01-08T15:57:57.793694600,20.1,NO,ARCHIVO_CICLO
13,2026-01-08T15:57:57.793694600,25.5,NO,ARCHIVO_CICLO
14,2026-01-08T15:57:57.793694600,0.0,SÍ,ARCHIVO_CICLO
15,2026-01-08T15:57:57.793694600,18.7,NO,ARCHIVO_CICLO
16,2026-01-08T15:57:57.794622300,-36000.00974845886,NO,ARCHIVO_CICLO
17,2026-01-08T15:57:57.794622300,0.0,SÍ,ARCHIVO_CICLO
18,2026-01-08T15:57:57.794622300,0.0,SÍ,ARCHIVO_CICLO
19,2026-01-08T15:57:57.794622300,23.7,NO,ARCHIVO_CICLO
20,2026-01-08T15:57:57.794622300,21.2,NO,ARCHIVO_CICLO
21,2026-01-08T15:57:57.794622300,19.8,NO,ARCHIVO_CICLO
22,2026-01-08T15:57:57.794622300,0.0,SÍ,ARCHIVO_CICLO
23,2026-01-08T15:57:57.794622300,18.9,NO,ARCHIVO_CICLO
24,2026-01-08T15:57:57.795628200,-43486.1968832245,NO,ARCHIVO_CICLO
25,2026-01-08T15:57:57.795628200,0.0,SÍ,ARCHIVO_CICLO
26,2026-01-08T15:57:57.795628200,0.0,SÍ,ARCHIVO_CICLO
27,2026-01-08T15:57:57.795628200,22.4,NO,ARCHIVO_CICLO
28,2026-01-08T15:57:57.795628200,21.4,NO,ARCHIVO_CICLO
29,2026-01-08T15:57:57.795628200,25.7,NO,ARCHIVO_CICLO
30,2026-01-08T15:57:57.795628200,0.0,SÍ,ARCHIVO_CICLO
31,2026-01-08T15:57:57.795628200,20.6,NO,ARCHIVO_CICLO
32,2026-01-08T15:57:57.795628200,-60665.73560392761,NO,ARCHIVO_CICLO
33,2026-01-08T15:57:57.795628200,0.0,SÍ,ARCHIVO_CICLO
34,2026-01-08T15:57:57.795628200,0.0,SÍ,ARCHIVO_CICLO
35,2026-01-08T15:57:57.795628200,24.5,NO,ARCHIVO_CICLO
36,2026-01-08T15:57:57.795628200,21.4,NO,ARCHIVO_CICLO
37,2026-01-08T15:57:57.795628200,22.8,NO,ARCHIVO_CICLO
38,2026-01-08T15:57:57.795628200,0.0,SÍ,ARCHIVO_CICLO
39,2026-01-08T15:57:57.795628200,24.0,NO,ARCHIVO_CICLO
40,2026-01-08T15:57:57.796525200,-105271.46594767763,NO,ARCHIVO_CICLO
41,2026-01-08T15:57:57.796525200,0.0,SÍ,ARCHIVO_CICLO
42,2026-01-08T15:57:57.796525200,0.0,SÍ,ARCHIVO_CICLO
43,2026-01-08T15:57:57.796525200,29.0,NO,ARCHIVO_CICLO
44,2026-01-08T15:57:57.796525200,21.5,NO,ARCHIVO_CICLO
45,2026-01-08T15:57:57.796525200,30.1,NO,ARCHIVO_CICLO
46,2026-01-08T15:57:57.796525200,0.0,SÍ,ARCHIVO_CICLO
47,2026-01-08T15:57:57.796525200,27.7,NO,ARCHIVO_CICLO
48,2026-01-08T15:57:57.796525200,-211706.48210978703,NO,ARCHIVO_CICLO
49,2026-01-08T15:57:57.796525200,0.0,SÍ,ARCHIVO_CICLO
50,2026-01-08T15:57:57.796525200,0.0,SÍ,ARCHIVO_CICLO
51,2026-01-08T15:57:57.796525200,54.6,NO,ARCHIVO_CICLO
52,2026-01-08T15:57:57.796525200,50.5,NO,ARCHIVO_CICLO
53,2026-01-08T15:57:57.796525200,36.9,NO,ARCHIVO_CICLO
54,2026-01-08T15:57:57.796525200,0.0,SÍ,ARCHIVO_CICLO
55,2026-01-08T15:57:57.796525200,37.1,NO,ARCHIVO_CICLO
56,2026-01-08T15:57:57.798897900,-562500.0243968964,NO,ARCHIVO_CICLO
57,2026-01-08T15:57:57.798897900,0.0,SÍ,ARCHIVO_CICLO
58,2026-01-08T15:57:57.798897900,0.0,SÍ,ARCHIVO_CICLO
59,2026-01-08T15:57:57.798897900,61.2,NO,ARCHIVO_CICLO
60,2026-01-08T15:57:57.798897900,63.4,NO,ARCHIVO_CICLO
61,2026-01-08T15:57:57.798897900,50.8,NO,ARCHIVO_CICLO
62,2026-01-08T15:57:57.798897900,0.0,SÍ,ARCHIVO_CICLO
63,2026-01-08T15:57:57.798897900,49.3,NO,ARCHIVO_CICLO
64,2026-01-08T15:57:57.800508700,-967148.1247308808,NO,ARCHIVO_CICLO
65,2026-01-08T15:57:57.800508700,0.0,SÍ,ARCHIVO_CICLO
66,2026-01-08T15:57:57.800508700,0.0,SÍ,ARCHIVO_CICLO
67,2026-01-08T15:57:57.800508700,67.6,NO,ARCHIVO_CICLO
68,2026-01-08T15:57:57.800508700,67.8,NO,ARCHIVO_CICLO
69,2026-01-08T15:57:57.800508700,56.3,NO,ARCHIVO_CICLO
70,2026-01-08T15:57:57.800508700,0.0,SÍ,ARCHIVO_CICLO
71,2026-01-08T15:57:57.800508700,59.1,NO,ARCHIVO_CICLO
72,2026-01-08T15:57:57.800508700,-1465473.0575765837,NO,ARCHIVO_CICLO
73,2026-01-08T15:57:57.800508700,0.0,SÍ,ARCHIVO_CICLO
74,2026-01-08T15:57:57.800508700,0.0,SÍ,ARCHIVO_CICLO
75,2026-01-08T15:57:57.800508700,73.0,NO,ARCHIVO_CICLO
76,2026-01-08T15:57:57.800508700,74.0,NO,ARCHIVO_CICLO
77,2026-01-08T15:57:57.800508700,66.7,NO,ARCHIVO_CICLO
78,2026-01-08T15:57:57.800508700,0.0,SÍ,ARCHIVO_CICLO
79,2026-01-08T15:57:57.800508700,68.6,NO,ARCHIVO_CICLO
80,2026-01-08T15:57:57.800508700,-2151952.9941664278,NO,ARCHIVO_CICLO
81,2026-01-08T15:57:57.800508700,0.0,SÍ,ARCHIVO_CICLO
82,2026-01-08T15:57:57.800508700,0.0,SÍ,ARCHIVO_CICLO
83,2026-01-08T15:57:57.800508700,76.1,NO,ARCHIVO_CICLO
84,2026-01-08T15:57:57.800508700,79.6,NO,ARCHIVO_CICLO
85,2026-01-08T15:57:57.800508700,78.1,NO,ARCHIVO_CICLO
86,2026-01-08T15:57:57.800508700,0.0,SÍ,ARCHIVO_CICLO
87,2026-01-08T15:57:57.800508700,75.1,NO,ARCHIVO_CICLO
88,2026-01-08T15:57:57.800508700,-2892310.4536215053,NO,ARCHIVO_CICLO
89,2026-01-08T15:57:57.800508700,0.0,SÍ,ARCHIVO_CICLO
90,2026-01-08T15:57:57.800508700,0.0,SÍ,ARCHIVO_CICLO
91,2026-01-08T15:57:57.800508700,78.5,NO,ARCHIVO_CICLO
92,2026-01-08T15:57:57.800508700,85.1,NO,ARCHIVO_CICLO
93,2026-01-08T15:57:57.800508700,84.6,NO,ARCHIVO_CICLO
94,2026-01-08T15:57:57.800508700,0.0,SÍ,ARCHIVO_CICLO
95,2026-01-08T15:57:57.800508700,82.8,NO,ARCHIVO_CICLO
96,2026-01-08T15:57:57.803645200,-3140388.506793381,NO,ARCHIVO_CICLO
97,2026-01-08T15:57:57.803645200,0.0,SÍ,ARCHIVO_CICLO
98,2026-01-08T15:57:57.803645200,0.0,SÍ,ARCHIVO_CICLO
99,2026-01-08T15:57:57.803645200,82.1,NO,ARCHIVO_CICLO
100,2026-01-08T15:57:57.803645200,90.5,NO,ARCHIVO_CICLO
101,2026-01-08T15:57:57.803645200,87.3,NO,ARCHIVO_CICLO
102,2026-01-08T15:57:57.803645200,0.0,SÍ,ARCHIVO_CICLO
103,2026-01-08T15:57:57.803645200,90.0,NO,ARCHIVO_CICLO
104,2026-01-08T15:57:57.805347800,-4081676.5912484587,NO,ARCHIVO_CICLO
105,2026-01-08T15:57:57.805347800,0.0,SÍ,ARCHIVO_CICLO
106,2026-01-08T15:57:57.805347800,0.0,SÍ,ARCHIVO_CICLO
107,2026-01-08T15:57:57.805347800,88.6,NO,ARCHIVO_CICLO
108,2026-01-08T15:57:57.805347800,92.5,NO,ARCHIVO_CICLO
109,2026-01-08T15:57:57.805347800,92.1,NO,ARCHIVO_CICLO
110,2026-01-08T15:57:57.805347800,0.0,SÍ,ARCHIVO_CICLO
111,2026-01-08T15:57:57.805347800,90.7,NO,ARCHIVO_CICLO
112,2026-01-08T15:57:57.805347800,-4366345.548322678,NO,ARCHIVO_CICLO
113,2026-01-08T15:57:57.805347800,0.0,SÍ,ARCHIVO_CICLO
114,2026-01-08T15:57:57.805347800,0.0,SÍ,ARCHIVO_CICLO
115,2026-01-08T15:57:57.805347800,90.4,NO,ARCHIVO_CICLO
116,2026-01-08T15:57:57.805347800,96.6,NO,ARCHIVO_CICLO
117,2026-01-08T15:57:57.805347800,98.7,NO,ARCHIVO_CICLO
118,2026-01-08T15:57:57.805347800,0.0,SÍ,ARCHIVO_CICLO
119,2026-01-08T15:57:57.805347800,96.8,NO,ARCHIVO_CICLO
120,2026-01-08T15:57:57.807287800,-4733423.658141038,NO,ARCHIVO_CICLO
121,2026-01-08T15:57:57.807287800,0.0,SÍ,ARCHIVO_CICLO
122,2026-01-08T15:57:57.807287800,0.0,SÍ,ARCHIVO_CICLO
123,2026-01-08T15:57:57.807287800,93.5,NO,ARCHIVO_CICLO
124,2026-01-08T15:57:57.807287800,101.4,NO,ARCHIVO_CICLO
125,2026-01-08T15:57:57.807287800,99.3,NO,ARCHIVO_CICLO
126,2026-01-08T15:57:57.807287800,0.0,SÍ,ARCHIVO_CICLO
127,2026-01-08T15:57:57.807287800,101.2,NO,ARCHIVO_CICLO
128,2026-01-08T15:57:57.807287800,-5481838.99613127,NO,ARCHIVO_CICLO
129,2026-01-08T15:57:57.807287800,0.0,SÍ,ARCHIVO_CICLO
130,2026-01-08T15:57:57.807287800,0.0,SÍ,ARCHIVO_CICLO
131,2026-01-08T15:57:57.807287800,98.0,NO,ARCHIVO_CICLO
132,2026-01-08T15:57:57.807287800,104.2,NO,ARCHIVO_CICLO
133,2026-01-08T15:57:57.807287800,103.8,NO,ARCHIVO_CICLO
134,2026-01-08T15:57:57.807287800,0.0,SÍ,ARCHIVO_CICLO
135,2026-01-08T15:57:57.807287800,104.3,NO,ARCHIVO_CICLO
136,2026-01-08T15:57:57.808654500,-6305256.770121506,NO,ARCHIVO_CICLO
137,2026-01-08T15:57:57.808654500,0.0,SÍ,ARCHIVO_CICLO
138,2026-01-08T15:57:57.808654500,0.0,SÍ,ARCHIVO_CICLO
139,2026-01-08T15:57:57.808654500,101.9,NO,ARCHIVO_CICLO
140,2026-01-08T15:57:57.808654500,105.5,NO,ARCHIVO_CICLO
141,2026-01-08T15:57:57.808654500,109.6,NO,ARCHIVO_CICLO
142,2026-01-08T15:57:57.808654500,0.0,SÍ,ARCHIVO_CICLO
143,2026-01-08T15:57:57.808654500,107.0,NO,ARCHIVO_CICLO
144,2026-01-08T15:57:57.810053600,-6933594.993879318,NO,ARCHIVO_CICLO
145,2026-01-08T15:57:57.810053600,0.0,SÍ,ARCHIVO_CICLO
146,2026-01-08T15:57:57.810053600,0.0,SÍ,ARCHIVO_CICLO
147,2026-01-08T15:57:57.810053600,106.9,NO,ARCHIVO_CICLO
148,2026-01-08T15:57:57.810053600,108.8,NO,ARCHIVO_CICLO
149,2026-01-08T15:57:57.810053600,112.7,NO,ARCHIVO_CICLO
150,2026-01-08T15:57:57.810053600,0.0,SÍ,ARCHIVO_CICLO
151,2026-01-08T15:57:57.810053600,110.2,NO,ARCHIVO_CICLO
152,2026-01-08T15:57:57.810486400,-7356112.941502364,NO,ARCHIVO_CICLO
153,2026-01-08T15:57:57.810486400,0.0,SÍ,ARCHIVO_CICLO
154,2026-01-08T15:57:57.810486400,0.0,SÍ,ARCHIVO_CICLO
155,2026-01-08T15:57:57.810486400,109.3,NO,ARCHIVO_CICLO
156,2026-01-08T15:57:57.810486400,112.7,NO,ARCHIVO_CICLO
157,2026-01-08T15:57:57.810486400,114.3,NO,ARCHIVO_CICLO
158,2026-01-08T15:57:57.810486400,0.0,SÍ,ARCHIVO_CICLO
159,2026-01-08T15:57:57.810486400,115.0,NO,ARCHIVO_CICLO
160,2026-01-08T15:57:57.810486400,-8051347.607260179,NO,ARCHIVO_CICLO
161,2026-01-08T15:57:57.810486400,0.0,SÍ,ARCHIVO_CICLO
162,2026-01-08T15:57:57.810486400,0.0,SÍ,ARCHIVO_CICLO
163,2026-01-08T15:57:57.810486400,113.0,NO,ARCHIVO_CICLO
164,2026-01-08T15:57:57.810486400,115.7,NO,ARCHIVO_CICLO
165,2026-01-08T15:57:57.810486400,117.9,NO,ARCHIVO_CICLO
166,2026-01-08T15:57:57.810486400,0.0,SÍ,ARCHIVO_CICLO
167,2026-01-08T15:57:57.810486400,118.3,NO,ARCHIVO_CICLO
168,2026-01-08T15:57:57.812008200,-7756576.254027756,NO,ARCHIVO_CICLO
169,2026-01-08T15:57:57.812008200,0.0,SÍ,ARCHIVO_CICLO
170,2026-01-08T15:57:57.812008200,0.0,SÍ,ARCHIVO_CICLO
171,2026-01-08T15:57:57.812008200,113.8,NO,ARCHIVO_CICLO
172,2026-01-08T15:57:57.812008200,116.0,NO,ARCHIVO_CICLO
173,2026-01-08T15:57:57.812008200,120.9,NO,ARCHIVO_CICLO
174,2026-01-08T15:57:57.812008200,0.0,SÍ,ARCHIVO_CICLO
175,2026-01-08T15:57:57.812008200,121.4,NO,ARCHIVO_CICLO
176,2026-01-08T15:57:57.812008200,-8746942.524920333,NO,ARCHIVO_CICLO
177,2026-01-08T15:57:57.812008200,0.0,SÍ,ARCHIVO_CICLO
178,2026-01-08T15:57:57.812008200,0.0,SÍ,ARCHIVO_CICLO
179,2026-01-08T15:57:57.812008200,116.9,NO,ARCHIVO_CICLO
180,2026-01-08T15:57:57.812008200,115.9,NO,ARCHIVO_CICLO
181,2026-01-08T15:57:57.812008200,123.3,NO,ARCHIVO_CICLO
182,2026-01-08T15:57:57.812008200,0.0,SÍ,ARCHIVO_CICLO
183,2026-01-08T15:57:57.812008200,119.2,NO,ARCHIVO_CICLO
184,2026-01-08T15:57:57.814444400,-8517685.798883226,NO,ARCHIVO_CICLO
185,2026-01-08T15:57:57.814444400,0.0,SÍ,ARCHIVO_CICLO
186,2026-01-08T15:57:57.814444400,0.0,SÍ,ARCHIVO_CICLO
187,2026-01-08T15:57:57.814444400,117.1,NO,ARCHIVO_CICLO
188,2026-01-08T15:57:57.814444400,118.2,NO,ARCHIVO_CICLO
189,2026-01-08T15:57:57.814444400,119.6,NO,ARCHIVO_CICLO
190,2026-01-08T15:57:57.814444400,0.0,SÍ,ARCHIVO_CICLO
191,2026-01-08T15:57:57.814444400,120.4,NO,ARCHIVO_CICLO
192,2026-01-08T15:57:57.815493200,-9174243.805896895,NO,ARCHIVO_CICLO
193,2026-01-08T15:57:57.815493200,0.0,SÍ,ARCHIVO_CICLO
194,2026-01-08T15:57:57.815493200,0.0,SÍ,ARCHIVO_CICLO
195,2026-01-08T15:57:57.815493200,118.4,NO,ARCHIVO_CICLO
196,2026-01-08T15:57:57.815493200,121.1,NO,ARCHIVO_CICLO
197,2026-01-08T15:57:57.815493200,122.3,NO,ARCHIVO_CICLO
198,2026-01-08T15:57:57.815493200,0.0,SÍ,ARCHIVO_CICLO
199,2026-01-08T15:57:57.815493200,118.1,NO,ARCHIVO_CICLO
200,2026-01-08T15:57:57.815493200,-9174243.805896895,NO,ARCHIVO_CICLO
201,2026-01-08T15:57:57.815493200,0.0,SÍ,ARCHIVO_CICLO
202,2026-01-08T15:57:57.815493200,0.0,SÍ,ARCHIVO_CICLO
203,2026-01-08T15:57:57.815493200,118.5,NO,ARCHIVO_CICLO
204,2026-01-08T15:57:57.815493200,121.0,NO,ARCHIVO_CICLO
205,2026-01-08T15:57:57.815493200,122.3,NO,ARCHIVO_CICLO
206,2026-01-08T15:57:57.815493200,0.0,SÍ,ARCHIVO_CICLO
207,2026-01-08T15:57:57.815493200,118.1,NO,ARCHIVO_CICLO
208,2026-01-08T15:57:57.817880100,-9239514.861543378,NO,ARCHIVO_CICLO
209,2026-01-08T15:57:57.817880100,0.0,SÍ,ARCHIVO_CICLO
210,2026-01-08T15:57:57.817880100,0.0,SÍ,ARCHIVO_CICLO
211,2026-01-08T15:57:57.817880100,119.2,NO,ARCHIVO_CICLO
212,2026-01-08T15:57:57.817880100,121.3,NO,ARCHIVO_CICLO
213,2026-01-08T15:57:57.817880100,122.1,NO,ARCHIVO_CICLO
214,2026-01-08T15:57:57.817880100,0.0,SÍ,ARCHIVO_CICLO
215,2026-01-08T15:57:57.817880100,117.6,NO,ARCHIVO_CICLO
216,2026-01-08T15:57:57.819190200,-8937547.229859788,NO,ARCHIVO_CICLO
217,2026-01-08T15:57:57.819190200,0.0,SÍ,ARCHIVO_CICLO
218,2026-01-08T15:57:57.819190200,0.0,SÍ,ARCHIVO_CICLO
219,2026-01-08T15:57:57.819190200,118.7,NO,ARCHIVO_CICLO
220,2026-01-08T15:57:57.819190200,121.6,NO,ARCHIVO_CICLO
221,2026-01-08T15:57:57.819190200,124.9,NO,ARCHIVO_CICLO
222,2026-01-08T15:57:57.819190200,0.0,SÍ,ARCHIVO_CICLO
223,2026-01-08T15:57:57.819190200,119.6,NO,ARCHIVO_CICLO
224,2026-01-08T15:57:57.819190200,-8684015.12327385,NO,ARCHIVO_CICLO
225,2026-01-08T15:57:57.819190200,0.0,SÍ,ARCHIVO_CICLO
226,2026-01-08T15:57:57.819190200,0.0,SÍ,ARCHIVO_CICLO
227,2026-01-08T15:57:57.819190200,118.0,NO,ARCHIVO_CICLO
228,2026-01-08T15:57:57.819190200,122.0,NO,ARCHIVO_CICLO
229,2026-01-08T15:57:57.819190200,121.8,NO,ARCHIVO_CICLO
230,2026-01-08T15:57:57.819190200,0.0,SÍ,ARCHIVO_CICLO
231,2026-01-08T15:57:57.819190200,121.0,NO,ARCHIVO_CICLO
232,2026-01-08T15:57:57.819190200,-8937547.229859788,NO,ARCHIVO_CICLO
233,2026-01-08T15:57:57.819190200,0.0,SÍ,ARCHIVO_CICLO
234,2026-01-08T15:57:57.819190200,0.0,SÍ,ARCHIVO_CICLO
235,2026-01-08T15:57:57.819190200,118.9,NO,ARCHIVO_CICLO
236,2026-01-08T15:57:57.819190200,121.5,NO,ARCHIVO_CICLO
237,2026-01-08T15:57:57.819190200,124.6,NO,ARCHIVO_CICLO
238,2026-01-08T15:57:57.819190200,0.0,SÍ,ARCHIVO_CICLO
239,2026-01-08T15:57:57.819190200,119.0,NO,ARCHIVO_CICLO
240,2026-01-08T15:57:57.822851700,-8559067.195980882,NO,ARCHIVO_CICLO
241,2026-01-08T15:57:57.822851700,0.0,SÍ,ARCHIVO_CICLO
242,2026-01-08T15:57:57.822851700,0.0,SÍ,ARCHIVO_CICLO
243,2026-01-08T15:57:57.822851700,118.2,NO,ARCHIVO_CICLO
244,2026-01-08T15:57:57.822851700,122.6,NO,ARCHIVO_CICLO
245,2026-01-08T15:57:57.822851700,121.3,NO,ARCHIVO_CICLO
246,2026-01-08T15:57:57.822851700,0.0,SÍ,ARCHIVO_CICLO
247,2026-01-08T15:57:57.822851700,121.2,NO,ARCHIVO_CICLO
248,2026-01-08T15:57:57.823562400,-9393016.346385177,NO,ARCHIVO_CICLO
249,2026-01-08T15:57:57.823562400,0.0,SÍ,ARCHIVO_CICLO
250,2026-01-08T15:57:57.823562400,0.0,SÍ,ARCHIVO_CICLO
251,2026-01-08T15:57:57.823562400,119.6,NO,ARCHIVO_CICLO
252,2026-01-08T15:57:57.823562400,121.5,NO,ARCHIVO_CICLO
253,2026-01-08T15:57:57.823562400,121.8,NO,ARCHIVO_CICLO
254,2026-01-08T15:57:57.823562400,0.0,SÍ,ARCHIVO_CICLO
255,2026-01-08T15:57:57.823562400,116.8,NO,ARCHIVO_CICLO
256,2026-01-08T15:57:57.825064,-9001692.061506271,NO,ARCHIVO_CICLO
257,2026-01-08T15:57:57.825064,0.0,SÍ,ARCHIVO_CICLO
258,2026-01-08T15:57:57.825064,0.0,SÍ,ARCHIVO_CICLO
259,2026-01-08T15:57:57.825064,119.0,NO,ARCHIVO_CICLO
260,2026-01-08T15:57:57.825064,121.9,NO,ARCHIVO_CICLO
261,2026-01-08T15:57:57.825064,119.1,NO,ARCHIVO_CICLO
262,2026-01-08T15:57:57.825064,0.0,SÍ,ARCHIVO_CICLO
263,2026-01-08T15:57:57.825064,119.0,NO,ARCHIVO_CICLO
264,2026-01-08T15:57:57.825064,-8621390.256627366,NO,ARCHIVO_CICLO
265,2026-01-08T15:57:57.825064,0.0,SÍ,ARCHIVO_CICLO
266,2026-01-08T15:57:57.825064,0.0,SÍ,ARCHIVO_CICLO
267,2026-01-08T15:57:57.825064,118.8,NO,ARCHIVO_CICLO
268,2026-01-08T15:57:57.825064,122.6,NO,ARCHIVO_CICLO
269,2026-01-08T15:57:57.825064,121.6,NO,ARCHIVO_CICLO
270,2026-01-08T15:57:57.825064,0.0,SÍ,ARCHIVO_CICLO
271,2026-01-08T15:57:57.825064,121.4,NO,ARCHIVO_CICLO
272,2026-01-08T15:57:57.825064,-9459319.74703166,NO,ARCHIVO_CICLO
273,2026-01-08T15:57:57.825064,0.0,SÍ,ARCHIVO_CICLO
274,2026-01-08T15:57:57.825064,0.0,SÍ,ARCHIVO_CICLO
275,2026-01-08T15:57:57.825064,119.8,NO,ARCHIVO_CICLO
276,2026-01-08T15:57:57.825064,121.3,NO,ARCHIVO_CICLO
277,2026-01-08T15:57:57.825064,122.5,NO,ARCHIVO_CICLO
278,2026-01-08T15:57:57.825064,0.0,SÍ,ARCHIVO_CICLO
279,2026-01-08T15:57:57.825064,117.4,NO,ARCHIVO_CICLO
280,2026-01-08T15:57:57.825064,-8980276.466957446,NO,ARCHIVO_CICLO
281,2026-01-08T15:57:57.825064,0.0,SÍ,ARCHIVO_CICLO
282,2026-01-08T15:57:57.825064,0.0,SÍ,ARCHIVO_CICLO
283,2026-01-08T15:57:57.825064,118.8,NO,ARCHIVO_CICLO
284,2026-01-08T15:57:57.825064,120.8,NO,ARCHIVO_CICLO
285,2026-01-08T15:57:57.825064,121.9,NO,ARCHIVO_CICLO
286,2026-01-08T15:57:57.825064,0.0,SÍ,ARCHIVO_CICLO
287,2026-01-08T15:57:57.825064,119.6,NO,ARCHIVO_CICLO
288,2026-01-08T15:57:57.828606700,-9415082.937934007,NO,ARCHIVO_CICLO
289,2026-01-08T15:57:57.828606700,0.0,SÍ,ARCHIVO_CICLO
290,2026-01-08T15:57:57.828606700,0.0,SÍ,ARCHIVO_CICLO
291,2026-01-08T15:57:57.828606700,120.0,NO,ARCHIVO_CICLO
292,2026-01-08T15:57:57.828606700,115.1,NO,ARCHIVO_CICLO
293,2026-01-08T15:57:57.828606700,121.6,NO,ARCHIVO_CICLO
294,2026-01-08T15:57:57.828606700,0.0,SÍ,ARCHIVO_CICLO
295,2026-01-08T15:57:57.828606700,116.7,NO,ARCHIVO_CICLO
296,2026-01-08T15:57:57.828606700,-9370984.26083635,NO,ARCHIVO_CICLO
297,2026-01-08T15:57:57.828606700,0.0,SÍ,ARCHIVO_CICLO
298,2026-01-08T15:57:57.828606700,0.0,SÍ,ARCHIVO_CICLO
299,2026-01-08T15:57:57.828606700,120.3,NO,ARCHIVO_CICLO
300,2026-01-08T15:57:57.828606700,114.4,NO,ARCHIVO_CICLO
301,2026-01-08T15:57:57.828606700,121.7,NO,ARCHIVO_CICLO
302,2026-01-08T15:57:57.828606700,0.0,SÍ,ARCHIVO_CICLO
303,2026-01-08T15:57:57.828606700,117.1,NO,ARCHIVO_CICLO
304,2026-01-08T15:57:57.828606700,-9239514.861543378,NO,ARCHIVO_CICLO
305,2026-01-08T15:57:57.828606700,0.0,SÍ,ARCHIVO_CICLO
306,2026-01-08T15:57:57.828606700,0.0,SÍ,ARCHIVO_CICLO
307,2026-01-08T15:57:57.828606700,119.6,NO,ARCHIVO_CICLO
308,2026-01-08T15:57:57.828606700,115.8,NO,ARCHIVO_CICLO
309,2026-01-08T15:57:57.828606700,124.7,NO,ARCHIVO_CICLO
310,2026-01-08T15:57:57.828606700,0.0,SÍ,ARCHIVO_CICLO
311,2026-01-08T15:57:57.828606700,118.3,NO,ARCHIVO_CICLO
312,2026-01-08T15:57:57.830617,-9503694.904129319,NO,ARCHIVO_CICLO
313,2026-01-08T15:57:57.830617,0.0,SÍ,ARCHIVO_CICLO
314,2026-01-08T15:57:57.830617,0.0,SÍ,ARCHIVO_CICLO
315,2026-01-08T15:57:57.830617,119.9,NO,ARCHIVO_CICLO
316,2026-01-08T15:57:57.830617,114.4,NO,ARCHIVO_CICLO
317,2026-01-08T15:57:57.830617,122.7,NO,ARCHIVO_CICLO
318,2026-01-08T15:57:57.830617,0.0,SÍ,ARCHIVO_CICLO
319,2026-01-08T15:57:57.830617,117.1,NO,ARCHIVO_CICLO
320,2026-01-08T15:57:57.830617,-9195966.552445726,NO,ARCHIVO_CICLO
321,2026-01-08T15:57:57.830617,0.0,SÍ,ARCHIVO_CICLO
322,2026-01-08T15:57:57.830617,0.0,SÍ,ARCHIVO_CICLO
323,2026-01-08T15:57:57.830617,119.5,NO,ARCHIVO_CICLO
324,2026-01-08T15:57:57.830617,112.9,NO,ARCHIVO_CICLO
325,2026-01-08T15:57:57.830617,122.3,NO,ARCHIVO_CICLO
326,2026-01-08T15:57:57.830617,0.0,SÍ,ARCHIVO_CICLO
327,2026-01-08T15:57:57.830617,118.9,NO,ARCHIVO_CICLO
328,2026-01-08T15:57:57.830617,-9239514.861543378,NO,ARCHIVO_CICLO
329,2026-01-08T15:57:57.830617,0.0,SÍ,ARCHIVO_CICLO
330,2026-01-08T15:57:57.830617,0.0,SÍ,ARCHIVO_CICLO
331,2026-01-08T15:57:57.830617,119.6,NO,ARCHIVO_CICLO
332,2026-01-08T15:57:57.830617,113.1,NO,ARCHIVO_CICLO
333,2026-01-08T15:57:57.830617,122.9,NO,ARCHIVO_CICLO
334,2026-01-08T15:57:57.830617,0.0,SÍ,ARCHIVO_CICLO
335,2026-01-08T15:57:57.830617,118.5,NO,ARCHIVO_CICLO
336,2026-01-08T15:57:57.830617,-9217723.561994553,NO,ARCHIVO_CICLO
337,2026-01-08T15:57:57.830617,0.0,SÍ,ARCHIVO_CICLO
338,2026-01-08T15:57:57.830617,0.0,SÍ,ARCHIVO_CICLO
339,2026-01-08T15:57:57.830617,119.7,NO,ARCHIVO_CICLO
340,2026-01-08T15:57:57.830617,114.4,NO,ARCHIVO_CICLO
341,2026-01-08T15:57:57.830617,118.5,NO,ARCHIVO_CICLO
342,2026-01-08T15:57:57.830617,0.0,SÍ,ARCHIVO_CICLO
343,2026-01-08T15:57:57.830617,118.2,NO,ARCHIVO_CICLO
344,2026-01-08T15:57:57.833759200,-9217723.561994553,NO,ARCHIVO_CICLO
345,2026-01-08T15:57:57.833759200,0.0,SÍ,ARCHIVO_CICLO
346,2026-01-08T15:57:57.833759200,0.0,SÍ,ARCHIVO_CICLO
347,2026-01-08T15:57:57.833759200,119.6,NO,ARCHIVO_CICLO
348,2026-01-08T15:57:57.833759200,114.8,NO,ARCHIVO_CICLO
349,2026-01-08T15:57:57.833759200,122.7,NO,ARCHIVO_CICLO
350,2026-01-08T15:57:57.833759200,0.0,SÍ,ARCHIVO_CICLO
351,2026-01-08T15:57:57.833759200,118.2,NO,ARCHIVO_CICLO
352,2026-01-08T15:57:57.833759200,-9283200.438641036,NO,ARCHIVO_CICLO
353,2026-01-08T15:57:57.833759200,0.0,SÍ,ARCHIVO_CICLO
354,2026-01-08T15:57:57.833759200,0.0,SÍ,ARCHIVO_CICLO
355,2026-01-08T15:57:57.833759200,120.2,NO,ARCHIVO_CICLO
356,2026-01-08T15:57:57.833759200,113.5,NO,ARCHIVO_CICLO
357,2026-01-08T15:57:57.833759200,120.9,NO,ARCHIVO_CICLO
358,2026-01-08T15:57:57.833759200,0.0,SÍ,ARCHIVO_CICLO
359,2026-01-08T15:57:57.833759200,117.5,NO,ARCHIVO_CICLO
360,2026-01-08T15:57:57.833759200,-8810173.190566815,NO,ARCHIVO_CICLO
361,2026-01-08T15:57:57.833759200,0.0,SÍ,ARCHIVO_CICLO
362,2026-01-08T15:57:57.833759200,0.0,SÍ,ARCHIVO_CICLO
363,2026-01-08T15:57:57.833759200,119.5,NO,ARCHIVO_CICLO
364,2026-01-08T15:57:57.833759200,113.1,NO,ARCHIVO_CICLO
365,2026-01-08T15:57:57.833759200,121.5,NO,ARCHIVO_CICLO
366,2026-01-08T15:57:57.833759200,0.0,SÍ,ARCHIVO_CICLO
367,2026-01-08T15:57:57.833759200,120.5,NO,ARCHIVO_CICLO
368,2026-01-08T15:57:57.836103600,-9261340.47809221,NO,ARCHIVO_CICLO
369,2026-01-08T15:57:57.836103600,0.0,SÍ,ARCHIVO_CICLO
370,2026-01-08T15:57:57.836103600,0.0,SÍ,ARCHIVO_CICLO
371,2026-01-08T15:57:57.836103600,120.0,NO,ARCHIVO_CICLO
372,2026-01-08T15:57:57.836103600,111.8,NO,ARCHIVO_CICLO
373,2026-01-08T15:57:57.836103600,124.3,NO,ARCHIVO_CICLO
374,2026-01-08T15:57:57.836103600,0.0,SÍ,ARCHIVO_CICLO
375,2026-01-08T15:57:57.836103600,117.7,NO,ARCHIVO_CICLO
376,2026-01-08T15:57:57.836103600,-9195966.552445726,NO,ARCHIVO_CICLO
377,2026-01-08T15:57:57.836103600,0.0,SÍ,ARCHIVO_CICLO
378,2026-01-08T15:57:57.836103600,0.0,SÍ,ARCHIVO_CICLO
379,2026-01-08T15:57:57.836103600,119.6,NO,ARCHIVO_CICLO
380,2026-01-08T15:57:57.836103600,111.9,NO,ARCHIVO_CICLO
381,2026-01-08T15:57:57.836103600,121.8,NO,ARCHIVO_CICLO
382,2026-01-08T15:57:57.836103600,0.0,SÍ,ARCHIVO_CICLO
383,2026-01-08T15:57:57.836103600,119.3,NO,ARCHIVO_CICLO
384,2026-01-08T15:57:57.838115300,-9437184.062482834,NO,ARCHIVO_CICLO
385,2026-01-08T15:57:57.838115300,0.0,SÍ,ARCHIVO_CICLO
386,2026-01-08T15:57:57.838115300,0.0,SÍ,ARCHIVO_CICLO
387,2026-01-08T15:57:57.838115300,120.5,NO,ARCHIVO_CICLO
388,2026-01-08T15:57:57.838115300,111.3,NO,ARCHIVO_CICLO
389,2026-01-08T15:57:57.838115300,123.6,NO,ARCHIVO_CICLO
390,2026-01-08T15:57:57.838115300,0.0,SÍ,ARCHIVO_CICLO
391,2026-01-08T15:57:57.838115300,117.0,NO,ARCHIVO_CICLO
392,2026-01-08T15:57:57.838115300,-8852495.807664473,NO,ARCHIVO_CICLO
393,2026-01-08T15:57:57.838115300,0.0,SÍ,ARCHIVO_CICLO
394,2026-01-08T15:57:57.838115300,0.0,SÍ,ARCHIVO_CICLO
395,2026-01-08T15:57:57.838115300,119.7,NO,ARCHIVO_CICLO
396,2026-01-08T15:57:57.838115300,112.1,NO,ARCHIVO_CICLO
397,2026-01-08T15:57:57.838115300,121.9,NO,ARCHIVO_CICLO
398,2026-01-08T15:57:57.838115300,0.0,SÍ,ARCHIVO_CICLO
399,2026-01-08T15:57:57.838115300,120.2,NO,ARCHIVO_CICLO
400,2026-01-08T15:57:57.840124400,-9152555.295348069,NO,ARCHIVO_CICLO
0,2026-01-08T15:57:59.993291400,-33882.92155314637,NO,ARCHIVO_CICLO
401,2026-01-08T15:57:57.840124400,0.0,SÍ,ARCHIVO_CICLO
1,2026-01-08T15:57:59.993291400,0.0,SÍ,ARCHIVO_CICLO
402,2026-01-08T15:57:57.840124400,0.0,SÍ,ARCHIVO_CICLO
2,2026-01-08T15:57:59.993291400,0.0,SÍ,ARCHIVO_CICLO
403,2026-01-08T15:57:57.840124400,120.3,NO,ARCHIVO_CICLO
3,2026-01-08T15:57:59.993291400,19.9,NO,ARCHIVO_CICLO
404,2026-01-08T15:57:57.840124400,121.9,NO,ARCHIVO_CICLO
4,2026-01-08T15:57:59.993291400,20.1,NO,ARCHIVO_CICLO
405,2026-01-08T15:57:57.840124400,119.5,NO,ARCHIVO_CICLO
5,2026-01-08T15:57:59.993291400,19.4,NO,ARCHIVO_CICLO
406,2026-01-08T15:57:57.840124400,0.0,SÍ,ARCHIVO_CICLO
6,2026-01-08T15:57:59.993291400,0.0,SÍ,ARCHIVO_CICLO
407,2026-01-08T15:57:57.840124400,117.9,NO,ARCHIVO_CICLO
7,2026-01-08T15:57:59.993291400,19.1,NO,ARCHIVO_CICLO
408,2026-01-08T15:57:57.842452400,-8767985.681469165,NO,ARCHIVO_CICLO
8,2026-01-08T15:57:59.997164200,-33882.92155314637,NO,ARCHIVO_CICLO
409,2026-01-08T15:57:57.842452400,0.0,SÍ,ARCHIVO_CICLO
9,2026-01-08T15:57:59.997164200,0.0,SÍ,ARCHIVO_CICLO
410,2026-01-08T15:57:57.842452400,0.0,SÍ,ARCHIVO_CICLO
10,2026-01-08T15:57:59.997164200,0.0,SÍ,ARCHIVO_CICLO
411,2026-01-08T15:57:57.842452400,119.4,NO,ARCHIVO_CICLO
11,2026-01-08T15:57:59.997164200,21.0,NO,ARCHIVO_CICLO
412,2026-01-08T15:57:57.842452400,122.0,NO,ARCHIVO_CICLO
12,2026-01-08T15:57:59.997164200,20.1,NO,ARCHIVO_CICLO
413,2026-01-08T15:57:57.842452400,121.4,NO,ARCHIVO_CICLO
13,2026-01-08T15:57:59.997164200,25.5,NO,ARCHIVO_CICLO
414,2026-01-08T15:57:57.842452400,0.0,SÍ,ARCHIVO_CICLO
14,2026-01-08T15:57:59.997164200,0.0,SÍ,ARCHIVO_CICLO
415,2026-01-08T15:57:57.842452400,120.0,NO,ARCHIVO_CICLO
15,2026-01-08T15:57:59.997164200,18.7,NO,ARCHIVO_CICLO
416,2026-01-08T15:57:57.845661,-9503694.904129319,NO,ARCHIVO_CICLO
16,2026-01-08T15:57:59.999177200,-36000.00974845886,NO,ARCHIVO_CICLO
417,2026-01-08T15:57:57.845661,0.0,SÍ,ARCHIVO_CICLO
17,2026-01-08T15:57:59.999177200,0.0,SÍ,ARCHIVO_CICLO
418,2026-01-08T15:57:57.845661,0.0,SÍ,ARCHIVO_CICLO
18,2026-01-08T15:57:59.999177200,0.0,SÍ,ARCHIVO_CICLO
419,2026-01-08T15:57:57.845661,120.8,NO,ARCHIVO_CICLO
19,2026-01-08T15:57:59.999177200,23.7,NO,ARCHIVO_CICLO
420,2026-01-08T15:57:57.845661,121.8,NO,ARCHIVO_CICLO
20,2026-01-08T15:57:59.999177200,21.2,NO,ARCHIVO_CICLO
421,2026-01-08T15:57:57.845661,121.7,NO,ARCHIVO_CICLO
21,2026-01-08T15:57:59.999177200,19.8,NO,ARCHIVO_CICLO
422,2026-01-08T15:57:57.845661,0.0,SÍ,ARCHIVO_CICLO
22,2026-01-08T15:57:59.999177200,0.0,SÍ,ARCHIVO_CICLO
423,2026-01-08T15:57:57.845661,115.9,NO,ARCHIVO_CICLO
23,2026-01-08T15:57:59.999177200,18.9,NO,ARCHIVO_CICLO
424,2026-01-08T15:57:57.845661,-8600582.405078534,NO,ARCHIVO_CICLO
24,2026-01-08T15:57:59.999177200,-43486.1968832245,NO,ARCHIVO_CICLO
425,2026-01-08T15:57:57.845661,0.0,SÍ,ARCHIVO_CICLO
25,2026-01-08T15:57:59.999177200,0.0,SÍ,ARCHIVO_CICLO
426,2026-01-08T15:57:57.845661,0.0,SÍ,ARCHIVO_CICLO
26,2026-01-08T15:57:59.999177200,0.0,SÍ,ARCHIVO_CICLO
427,2026-01-08T15:57:57.845661,119.3,NO,ARCHIVO_CICLO
27,2026-01-08T15:57:59.999177200,22.4,NO,ARCHIVO_CICLO
428,2026-01-08T15:57:57.845661,121.8,NO,ARCHIVO_CICLO
28,2026-01-08T15:57:59.999177200,21.4,NO,ARCHIVO_CICLO
429,2026-01-08T15:57:57.845661,120.7,NO,ARCHIVO_CICLO
29,2026-01-08T15:57:59.999177200,25.7,NO,ARCHIVO_CICLO
430,2026-01-08T15:57:57.845661,0.0,SÍ,ARCHIVO_CICLO
30,2026-01-08T15:57:59.999177200,0.0,SÍ,ARCHIVO_CICLO
431,2026-01-08T15:57:57.845661,119.2,NO,ARCHIVO_CICLO
31,2026-01-08T15:57:59.999177200,20.6,NO,ARCHIVO_CICLO
432,2026-01-08T15:57:57.845661,-8538359.784432052,NO,ARCHIVO_CICLO
32,2026-01-08T15:58:00.000184500,-60665.73560392761,NO,ARCHIVO_CICLO
433,2026-01-08T15:57:57.845661,0.0,SÍ,ARCHIVO_CICLO
33,2026-01-08T15:58:00.000184500,0.0,SÍ,ARCHIVO_CICLO
434,2026-01-08T15:57:57.845661,0.0,SÍ,ARCHIVO_CICLO
34,2026-01-08T15:58:00.000184500,0.0,SÍ,ARCHIVO_CICLO
435,2026-01-08T15:57:57.845661,117.8,NO,ARCHIVO_CICLO
35,2026-01-08T15:58:00.000184500,24.5,NO,ARCHIVO_CICLO
436,2026-01-08T15:57:57.845661,119.4,NO,ARCHIVO_CICLO
36,2026-01-08T15:58:00.000184500,21.4,NO,ARCHIVO_CICLO
437,2026-01-08T15:57:57.845661,117.4,NO,ARCHIVO_CICLO
37,2026-01-08T15:58:00.000184500,22.8,NO,ARCHIVO_CICLO
438,2026-01-08T15:57:57.845661,0.0,SÍ,ARCHIVO_CICLO
38,2026-01-08T15:58:00.000184500,0.0,SÍ,ARCHIVO_CICLO
439,2026-01-08T15:57:57.845661,115.3,NO,ARCHIVO_CICLO
39,2026-01-08T15:58:00.000184500,24.0,NO,ARCHIVO_CICLO
440,2026-01-08T15:57:57.845661,-8579808.060529709,NO,ARCHIVO_CICLO
40,2026-01-08T15:58:00.000184500,-105271.46594767763,NO,ARCHIVO_CICLO
441,2026-01-08T15:57:57.845661,0.0,SÍ,ARCHIVO_CICLO
41,2026-01-08T15:58:00.000184500,0.0,SÍ,ARCHIVO_CICLO
442,2026-01-08T15:57:57.845661,0.0,SÍ,ARCHIVO_CICLO
42,2026-01-08T15:58:00.000184500,0.0,SÍ,ARCHIVO_CICLO
443,2026-01-08T15:57:57.845661,116.7,NO,ARCHIVO_CICLO
43,2026-01-08T15:58:00.000184500,29.0,NO,ARCHIVO_CICLO
444,2026-01-08T15:57:57.845661,117.5,NO,ARCHIVO_CICLO
44,2026-01-08T15:58:00.000184500,21.5,NO,ARCHIVO_CICLO
445,2026-01-08T15:57:57.845661,117.6,NO,ARCHIVO_CICLO
45,2026-01-08T15:58:00.000184500,30.1,NO,ARCHIVO_CICLO
446,2026-01-08T15:57:57.845661,0.0,SÍ,ARCHIVO_CICLO
46,2026-01-08T15:58:00.000184500,0.0,SÍ,ARCHIVO_CICLO
447,2026-01-08T15:57:57.845661,111.5,NO,ARCHIVO_CICLO
47,2026-01-08T15:58:00.000184500,27.7,NO,ARCHIVO_CICLO
448,2026-01-08T15:57:57.848321200,-7834465.980223067,NO,ARCHIVO_CICLO
48,2026-01-08T15:58:00.001796600,-211706.48210978703,NO,ARCHIVO_CICLO
449,2026-01-08T15:57:57.848321200,0.0,SÍ,ARCHIVO_CICLO
49,2026-01-08T15:58:00.001796600,0.0,SÍ,ARCHIVO_CICLO
450,2026-01-08T15:57:57.848321200,0.0,SÍ,ARCHIVO_CICLO
50,2026-01-08T15:58:00.001796600,0.0,SÍ,ARCHIVO_CICLO
451,2026-01-08T15:57:57.848321200,114.6,NO,ARCHIVO_CICLO
51,2026-01-08T15:58:00.001796600,54.6,NO,ARCHIVO_CICLO
452,2026-01-08T15:57:57.848321200,116.1,NO,ARCHIVO_CICLO
52,2026-01-08T15:58:00.001796600,50.5,NO,ARCHIVO_CICLO
453,2026-01-08T15:57:57.848321200,113.4,NO,ARCHIVO_CICLO
53,2026-01-08T15:58:00.001796600,36.9,NO,ARCHIVO_CICLO
454,2026-01-08T15:57:57.848321200,0.0,SÍ,ARCHIVO_CICLO
54,2026-01-08T15:58:00.001796600,0.0,SÍ,ARCHIVO_CICLO
455,2026-01-08T15:57:57.848321200,112.4,NO,ARCHIVO_CICLO
55,2026-01-08T15:58:00.001796600,37.1,NO,ARCHIVO_CICLO
456,2026-01-08T15:57:57.848321200,-7450179.749246505,NO,ARCHIVO_CICLO
56,2026-01-08T15:58:00.002620200,-562500.0243968964,NO,ARCHIVO_CICLO
457,2026-01-08T15:57:57.848321200,0.0,SÍ,ARCHIVO_CICLO
57,2026-01-08T15:58:00.002620200,0.0,SÍ,ARCHIVO_CICLO
458,2026-01-08T15:57:57.848321200,0.0,SÍ,ARCHIVO_CICLO
58,2026-01-08T15:58:00.002620200,0.0,SÍ,ARCHIVO_CICLO
459,2026-01-08T15:57:57.848321200,113.0,NO,ARCHIVO_CICLO
59,2026-01-08T15:58:00.002620200,61.2,NO,ARCHIVO_CICLO
460,2026-01-08T15:57:57.848321200,114.8,NO,ARCHIVO_CICLO
60,2026-01-08T15:58:00.002620200,63.4,NO,ARCHIVO_CICLO
461,2026-01-08T15:57:57.848321200,111.3,NO,ARCHIVO_CICLO
61,2026-01-08T15:58:00.002620200,50.8,NO,ARCHIVO_CICLO
462,2026-01-08T15:57:57.848321200,0.0,SÍ,ARCHIVO_CICLO
62,2026-01-08T15:58:00.002620200,0.0,SÍ,ARCHIVO_CICLO
463,2026-01-08T15:57:57.848321200,111.2,NO,ARCHIVO_CICLO
63,2026-01-08T15:58:00.002620200,49.3,NO,ARCHIVO_CICLO
464,2026-01-08T15:57:57.849727800,-7602348.97763713,NO,ARCHIVO_CICLO
64,2026-01-08T15:58:00.004044200,-967148.1247308808,NO,ARCHIVO_CICLO
465,2026-01-08T15:57:57.849727800,0.0,SÍ,ARCHIVO_CICLO
65,2026-01-08T15:58:00.004044200,0.0,SÍ,ARCHIVO_CICLO
466,2026-01-08T15:57:57.849727800,0.0,SÍ,ARCHIVO_CICLO
66,2026-01-08T15:58:00.004044200,0.0,SÍ,ARCHIVO_CICLO
467,2026-01-08T15:57:57.849727800,112.2,NO,ARCHIVO_CICLO
67,2026-01-08T15:58:00.004044200,67.6,NO,ARCHIVO_CICLO
468,2026-01-08T15:57:57.849727800,112.9,NO,ARCHIVO_CICLO
68,2026-01-08T15:58:00.004044200,67.8,NO,ARCHIVO_CICLO
469,2026-01-08T15:57:57.849727800,113.0,NO,ARCHIVO_CICLO
69,2026-01-08T15:58:00.004044200,56.3,NO,ARCHIVO_CICLO
470,2026-01-08T15:57:57.849727800,0.0,SÍ,ARCHIVO_CICLO
70,2026-01-08T15:58:00.004044200,0.0,SÍ,ARCHIVO_CICLO
471,2026-01-08T15:57:57.849727800,106.9,NO,ARCHIVO_CICLO
71,2026-01-08T15:58:00.004044200,59.1,NO,ARCHIVO_CICLO
472,2026-01-08T15:57:57.850383400,-6897638.652781661,NO,ARCHIVO_CICLO
72,2026-01-08T15:58:00.006559400,-1465473.0575765837,NO,ARCHIVO_CICLO
473,2026-01-08T15:57:57.850383400,0.0,SÍ,ARCHIVO_CICLO
73,2026-01-08T15:58:00.006559400,0.0,SÍ,ARCHIVO_CICLO
474,2026-01-08T15:57:57.850383400,0.0,SÍ,ARCHIVO_CICLO
74,2026-01-08T15:58:00.006559400,0.0,SÍ,ARCHIVO_CICLO
475,2026-01-08T15:57:57.850383400,110.2,NO,ARCHIVO_CICLO
75,2026-01-08T15:58:00.006559400,73.0,NO,ARCHIVO_CICLO
476,2026-01-08T15:57:57.850383400,112.0,NO,ARCHIVO_CICLO
76,2026-01-08T15:58:00.006559400,74.0,NO,ARCHIVO_CICLO
477,2026-01-08T15:57:57.850383400,108.4,NO,ARCHIVO_CICLO
77,2026-01-08T15:58:00.006559400,66.7,NO,ARCHIVO_CICLO
478,2026-01-08T15:57:57.850383400,0.0,SÍ,ARCHIVO_CICLO
78,2026-01-08T15:58:00.006559400,0.0,SÍ,ARCHIVO_CICLO
479,2026-01-08T15:57:57.850383400,108.6,NO,ARCHIVO_CICLO
79,2026-01-08T15:58:00.006559400,68.6,NO,ARCHIVO_CICLO
480,2026-01-08T15:57:57.851718,-6666948.055646896,NO,ARCHIVO_CICLO
80,2026-01-08T15:58:00.006559400,-2151952.9941664278,NO,ARCHIVO_CICLO
481,2026-01-08T15:57:57.851718,0.0,SÍ,ARCHIVO_CICLO
81,2026-01-08T15:58:00.006559400,0.0,SÍ,ARCHIVO_CICLO
482,2026-01-08T15:57:57.851718,0.0,SÍ,ARCHIVO_CICLO
82,2026-01-08T15:58:00.006559400,0.0,SÍ,ARCHIVO_CICLO
483,2026-01-08T15:57:57.851718,108.9,NO,ARCHIVO_CICLO
83,2026-01-08T15:58:00.006559400,76.1,NO,ARCHIVO_CICLO
484,2026-01-08T15:57:57.851718,110.6,NO,ARCHIVO_CICLO
84,2026-01-08T15:58:00.006559400,79.6,NO,ARCHIVO_CICLO
485,2026-01-08T15:57:57.851718,106.9,NO,ARCHIVO_CICLO
85,2026-01-08T15:58:00.006559400,78.1,NO,ARCHIVO_CICLO
486,2026-01-08T15:57:57.851718,0.0,SÍ,ARCHIVO_CICLO
86,2026-01-08T15:58:00.006559400,0.0,SÍ,ARCHIVO_CICLO
487,2026-01-08T15:57:57.851718,107.2,NO,ARCHIVO_CICLO
87,2026-01-08T15:58:00.006559400,75.1,NO,ARCHIVO_CICLO
488,2026-01-08T15:57:57.851718,-6170987.89373088,NO,ARCHIVO_CICLO
88,2026-01-08T15:58:00.007453100,-2892310.4536215053,NO,ARCHIVO_CICLO
489,2026-01-08T15:57:57.851718,0.0,SÍ,ARCHIVO_CICLO
89,2026-01-08T15:58:00.007453100,0.0,SÍ,ARCHIVO_CICLO
490,2026-01-08T15:57:57.851718,0.0,SÍ,ARCHIVO_CICLO
90,2026-01-08T15:58:00.007453100,0.0,SÍ,ARCHIVO_CICLO
491,2026-01-08T15:57:57.851718,107.0,NO,ARCHIVO_CICLO
91,2026-01-08T15:58:00.007453100,78.5,NO,ARCHIVO_CICLO
492,2026-01-08T15:57:57.851718,109.4,NO,ARCHIVO_CICLO
92,2026-01-08T15:58:00.007453100,85.1,NO,ARCHIVO_CICLO
493,2026-01-08T15:57:57.851718,108.7,NO,ARCHIVO_CICLO
93,2026-01-08T15:58:00.007453100,84.6,NO,ARCHIVO_CICLO
494,2026-01-08T15:57:57.851718,0.0,SÍ,ARCHIVO_CICLO
94,2026-01-08T15:58:00.007453100,0.0,SÍ,ARCHIVO_CICLO
495,2026-01-08T15:57:57.851718,108.7,NO,ARCHIVO_CICLO
95,2026-01-08T15:58:00.007453100,82.8,NO,ARCHIVO_CICLO
496,2026-01-08T15:57:57.853600600,-6562233.523353929,NO,ARCHIVO_CICLO
96,2026-01-08T15:58:00.007453100,-3140388.506793381,NO,ARCHIVO_CICLO
497,2026-01-08T15:57:57.853600600,0.0,SÍ,ARCHIVO_CICLO
97,2026-01-08T15:58:00.007453100,0.0,SÍ,ARCHIVO_CICLO
498,2026-01-08T15:57:57.853600600,0.0,SÍ,ARCHIVO_CICLO
98,2026-01-08T15:58:00.007453100,0.0,SÍ,ARCHIVO_CICLO
499,2026-01-08T15:57:57.853600600,107.0,NO,ARCHIVO_CICLO
99,2026-01-08T15:58:00.007453100,82.1,NO,ARCHIVO_CICLO
500,2026-01-08T15:57:57.853600600,107.6,NO,ARCHIVO_CICLO
100,2026-01-08T15:58:00.007453100,90.5,NO,ARCHIVO_CICLO
501,2026-01-08T15:57:57.853600600,107.8,NO,ARCHIVO_CICLO
101,2026-01-08T15:58:00.007453100,87.3,NO,ARCHIVO_CICLO
502,2026-01-08T15:57:57.853600600,0.0,SÍ,ARCHIVO_CICLO
102,2026-01-08T15:58:00.007453100,0.0,SÍ,ARCHIVO_CICLO
503,2026-01-08T15:57:57.853600600,102.2,NO,ARCHIVO_CICLO
103,2026-01-08T15:58:00.007453100,90.0,NO,ARCHIVO_CICLO
504,2026-01-08T15:57:57.853600600,-6104574.247535569,NO,ARCHIVO_CICLO
104,2026-01-08T15:58:00.008465,-4081676.5912484587,NO,ARCHIVO_CICLO
505,2026-01-08T15:57:57.853600600,0.0,SÍ,ARCHIVO_CICLO
105,2026-01-08T15:58:00.008465,0.0,SÍ,ARCHIVO_CICLO
506,2026-01-08T15:57:57.853600600,0.0,SÍ,ARCHIVO_CICLO
106,2026-01-08T15:58:00.008465,0.0,SÍ,ARCHIVO_CICLO
507,2026-01-08T15:57:57.853600600,105.7,NO,ARCHIVO_CICLO
107,2026-01-08T15:58:00.008465,88.6,NO,ARCHIVO_CICLO
508,2026-01-08T15:57:57.853600600,106.5,NO,ARCHIVO_CICLO
108,2026-01-08T15:58:00.008465,92.5,NO,ARCHIVO_CICLO
509,2026-01-08T15:57:57.853600600,108.9,NO,ARCHIVO_CICLO
109,2026-01-08T15:58:00.008465,92.1,NO,ARCHIVO_CICLO
510,2026-01-08T15:57:57.853600600,0.0,SÍ,ARCHIVO_CICLO
110,2026-01-08T15:58:00.008465,0.0,SÍ,ARCHIVO_CICLO
511,2026-01-08T15:57:57.853600600,103.1,NO,ARCHIVO_CICLO
111,2026-01-08T15:58:00.008465,90.7,NO,ARCHIVO_CICLO
512,2026-01-08T15:57:57.854722200,-5908195.740949631,NO,ARCHIVO_CICLO
112,2026-01-08T15:58:00.009233500,-4366345.548322678,NO,ARCHIVO_CICLO
513,2026-01-08T15:57:57.854722200,0.0,SÍ,ARCHIVO_CICLO
113,2026-01-08T15:58:00.009233500,0.0,SÍ,ARCHIVO_CICLO
514,2026-01-08T15:57:57.854722200,0.0,SÍ,ARCHIVO_CICLO
114,2026-01-08T15:58:00.009233500,0.0,SÍ,ARCHIVO_CICLO
515,2026-01-08T15:57:57.854722200,104.6,NO,ARCHIVO_CICLO
115,2026-01-08T15:58:00.009233500,90.4,NO,ARCHIVO_CICLO
516,2026-01-08T15:57:57.854722200,105.3,NO,ARCHIVO_CICLO
116,2026-01-08T15:58:00.009233500,96.6,NO,ARCHIVO_CICLO
517,2026-01-08T15:57:57.854722200,107.6,NO,ARCHIVO_CICLO
518,2026-01-08T15:57:57.854722200,0.0,SÍ,ARCHIVO_CICLO
117,2026-01-08T15:58:00.009233500,98.7,NO,ARCHIVO_CICLO
519,2026-01-08T15:57:57.854722200,102.1,NO,ARCHIVO_CICLO
118,2026-01-08T15:58:00.009233500,0.0,SÍ,ARCHIVO_CICLO
520,2026-01-08T15:57:57.854722200,-5605951.444521896,NO,ARCHIVO_CICLO
119,2026-01-08T15:58:00.009233500,96.8,NO,ARCHIVO_CICLO
521,2026-01-08T15:57:57.854722200,0.0,SÍ,ARCHIVO_CICLO
120,2026-01-08T15:58:00.010085,-4733423.658141038,NO,ARCHIVO_CICLO
522,2026-01-08T15:57:57.854722200,0.0,SÍ,ARCHIVO_CICLO
121,2026-01-08T15:58:00.010085,0.0,SÍ,ARCHIVO_CICLO
523,2026-01-08T15:57:57.854722200,103.2,NO,ARCHIVO_CICLO
122,2026-01-08T15:58:00.010085,0.0,SÍ,ARCHIVO_CICLO
524,2026-01-08T15:57:57.854722200,104.6,NO,ARCHIVO_CICLO
123,2026-01-08T15:58:00.010085,93.5,NO,ARCHIVO_CICLO
525,2026-01-08T15:57:57.854722200,105.0,NO,ARCHIVO_CICLO
124,2026-01-08T15:58:00.010085,101.4,NO,ARCHIVO_CICLO
526,2026-01-08T15:57:57.854722200,0.0,SÍ,ARCHIVO_CICLO
125,2026-01-08T15:58:00.010085,99.3,NO,ARCHIVO_CICLO
527,2026-01-08T15:57:57.854722200,102.3,NO,ARCHIVO_CICLO
126,2026-01-08T15:58:00.010085,0.0,SÍ,ARCHIVO_CICLO
528,2026-01-08T15:57:57.856733700,-5344417.757191819,NO,ARCHIVO_CICLO
127,2026-01-08T15:58:00.010085,101.2,NO,ARCHIVO_CICLO
529,2026-01-08T15:57:57.856733700,0.0,SÍ,ARCHIVO_CICLO
128,2026-01-08T15:58:00.011388600,-5481838.99613127,NO,ARCHIVO_CICLO
530,2026-01-08T15:57:57.856733700,0.0,SÍ,ARCHIVO_CICLO
129,2026-01-08T15:58:00.011388600,0.0,SÍ,ARCHIVO_CICLO
531,2026-01-08T15:57:57.856733700,102.0,NO,ARCHIVO_CICLO
130,2026-01-08T15:58:00.011388600,0.0,SÍ,ARCHIVO_CICLO
532,2026-01-08T15:57:57.856733700,103.6,NO,ARCHIVO_CICLO
131,2026-01-08T15:58:00.011388600,98.0,NO,ARCHIVO_CICLO
533,2026-01-08T15:57:57.856733700,103.4,NO,ARCHIVO_CICLO
132,2026-01-08T15:58:00.011388600,104.2,NO,ARCHIVO_CICLO
534,2026-01-08T15:57:57.856733700,0.0,SÍ,ARCHIVO_CICLO
133,2026-01-08T15:58:00.011388600,103.8,NO,ARCHIVO_CICLO
535,2026-01-08T15:57:57.856733700,102.4,NO,ARCHIVO_CICLO
134,2026-01-08T15:58:00.011388600,0.0,SÍ,ARCHIVO_CICLO
536,2026-01-08T15:57:57.856733700,-5344417.757191819,NO,ARCHIVO_CICLO
135,2026-01-08T15:58:00.011388600,104.3,NO,ARCHIVO_CICLO
537,2026-01-08T15:57:57.856733700,0.0,SÍ,ARCHIVO_CICLO
136,2026-01-08T15:58:00.012145,-6305256.770121506,NO,ARCHIVO_CICLO
538,2026-01-08T15:57:57.856733700,0.0,SÍ,ARCHIVO_CICLO
137,2026-01-08T15:58:00.012145,0.0,SÍ,ARCHIVO_CICLO
539,2026-01-08T15:57:57.856733700,101.6,NO,ARCHIVO_CICLO
138,2026-01-08T15:58:00.012145,0.0,SÍ,ARCHIVO_CICLO
540,2026-01-08T15:57:57.856733700,102.4,NO,ARCHIVO_CICLO
139,2026-01-08T15:58:00.012145,101.9,NO,ARCHIVO_CICLO
541,2026-01-08T15:57:57.856733700,105.4,NO,ARCHIVO_CICLO
140,2026-01-08T15:58:00.012145,105.5,NO,ARCHIVO_CICLO
542,2026-01-08T15:57:57.856733700,0.0,SÍ,ARCHIVO_CICLO
141,2026-01-08T15:58:00.012145,109.6,NO,ARCHIVO_CICLO
543,2026-01-08T15:57:57.856733700,99.7,NO,ARCHIVO_CICLO
142,2026-01-08T15:58:00.012145,0.0,SÍ,ARCHIVO_CICLO
544,2026-01-08T15:57:57.856733700,-4960363.266922286,NO,ARCHIVO_CICLO
143,2026-01-08T15:58:00.012145,107.0,NO,ARCHIVO_CICLO
545,2026-01-08T15:57:57.856733700,0.0,SÍ,ARCHIVO_CICLO
144,2026-01-08T15:58:00.014155400,-6933594.993879318,NO,ARCHIVO_CICLO
546,2026-01-08T15:57:57.856733700,0.0,SÍ,ARCHIVO_CICLO
145,2026-01-08T15:58:00.014155400,0.0,SÍ,ARCHIVO_CICLO
547,2026-01-08T15:57:57.856733700,99.9,NO,ARCHIVO_CICLO
146,2026-01-08T15:58:00.014155400,0.0,SÍ,ARCHIVO_CICLO
548,2026-01-08T15:57:57.856733700,101.7,NO,ARCHIVO_CICLO
147,2026-01-08T15:58:00.014155400,106.9,NO,ARCHIVO_CICLO
549,2026-01-08T15:57:57.856733700,101.1,NO,ARCHIVO_CICLO
148,2026-01-08T15:58:00.014155400,108.8,NO,ARCHIVO_CICLO
550,2026-01-08T15:57:57.856733700,0.0,SÍ,ARCHIVO_CICLO
149,2026-01-08T15:58:00.014155400,112.7,NO,ARCHIVO_CICLO
551,2026-01-08T15:57:57.856733700,101.3,NO,ARCHIVO_CICLO
150,2026-01-08T15:58:00.014155400,0.0,SÍ,ARCHIVO_CICLO
552,2026-01-08T15:57:57.856733700,-4989230.488019943,NO,ARCHIVO_CICLO
151,2026-01-08T15:58:00.014155400,110.2,NO,ARCHIVO_CICLO
553,2026-01-08T15:57:57.856733700,0.0,SÍ,ARCHIVO_CICLO
152,2026-01-08T15:58:00.018173800,-7356112.941502364,NO,ARCHIVO_CICLO
554,2026-01-08T15:57:57.856733700,0.0,SÍ,ARCHIVO_CICLO
153,2026-01-08T15:58:00.018173800,0.0,SÍ,ARCHIVO_CICLO
555,2026-01-08T15:57:57.856733700,99.7,NO,ARCHIVO_CICLO
154,2026-01-08T15:58:00.018173800,0.0,SÍ,ARCHIVO_CICLO
556,2026-01-08T15:57:57.856733700,100.7,NO,ARCHIVO_CICLO
155,2026-01-08T15:58:00.018173800,109.3,NO,ARCHIVO_CICLO
557,2026-01-08T15:57:57.856733700,102.5,NO,ARCHIVO_CICLO
156,2026-01-08T15:58:00.018173800,112.7,NO,ARCHIVO_CICLO
558,2026-01-08T15:57:57.856733700,0.0,SÍ,ARCHIVO_CICLO
157,2026-01-08T15:58:00.018173800,114.3,NO,ARCHIVO_CICLO
559,2026-01-08T15:57:57.856733700,98.4,NO,ARCHIVO_CICLO
158,2026-01-08T15:58:00.018173800,0.0,SÍ,ARCHIVO_CICLO
560,2026-01-08T15:57:57.856733700,-4636354.54929924,NO,ARCHIVO_CICLO
159,2026-01-08T15:58:00.018173800,115.0,NO,ARCHIVO_CICLO
561,2026-01-08T15:57:57.856733700,0.0,SÍ,ARCHIVO_CICLO
160,2026-01-08T15:58:00.018173800,-8051347.607260179,NO,ARCHIVO_CICLO
562,2026-01-08T15:57:57.856733700,0.0,SÍ,ARCHIVO_CICLO
161,2026-01-08T15:58:00.018173800,0.0,SÍ,ARCHIVO_CICLO
563,2026-01-08T15:57:57.856733700,98.5,NO,ARCHIVO_CICLO
162,2026-01-08T15:58:00.018173800,0.0,SÍ,ARCHIVO_CICLO
564,2026-01-08T15:57:57.856733700,100.2,NO,ARCHIVO_CICLO
163,2026-01-08T15:58:00.018173800,113.0,NO,ARCHIVO_CICLO
565,2026-01-08T15:57:57.856733700,98.7,NO,ARCHIVO_CICLO
164,2026-01-08T15:58:00.018173800,115.7,NO,ARCHIVO_CICLO
566,2026-01-08T15:57:57.856733700,0.0,SÍ,ARCHIVO_CICLO
165,2026-01-08T15:58:00.018173800,117.9,NO,ARCHIVO_CICLO
567,2026-01-08T15:57:57.856733700,99.3,NO,ARCHIVO_CICLO
166,2026-01-08T15:58:00.018173800,0.0,SÍ,ARCHIVO_CICLO
568,2026-01-08T15:57:57.856733700,-4677791.435945724,NO,ARCHIVO_CICLO
167,2026-01-08T15:58:00.018173800,118.3,NO,ARCHIVO_CICLO
569,2026-01-08T15:57:57.856733700,0.0,SÍ,ARCHIVO_CICLO
168,2026-01-08T15:58:00.018173800,-7756576.254027756,NO,ARCHIVO_CICLO
570,2026-01-08T15:57:57.856733700,0.0,SÍ,ARCHIVO_CICLO
169,2026-01-08T15:58:00.018173800,0.0,SÍ,ARCHIVO_CICLO
571,2026-01-08T15:57:57.856733700,97.8,NO,ARCHIVO_CICLO
170,2026-01-08T15:58:00.018173800,0.0,SÍ,ARCHIVO_CICLO
572,2026-01-08T15:57:57.856733700,98.8,NO,ARCHIVO_CICLO
171,2026-01-08T15:58:00.018173800,113.8,NO,ARCHIVO_CICLO
573,2026-01-08T15:57:57.856733700,100.0,NO,ARCHIVO_CICLO
172,2026-01-08T15:58:00.018173800,116.0,NO,ARCHIVO_CICLO
574,2026-01-08T15:57:57.856733700,0.0,SÍ,ARCHIVO_CICLO
173,2026-01-08T15:58:00.018173800,120.9,NO,ARCHIVO_CICLO
575,2026-01-08T15:57:57.856733700,96.8,NO,ARCHIVO_CICLO
174,2026-01-08T15:58:00.018173800,0.0,SÍ,ARCHIVO_CICLO
576,2026-01-08T15:57:57.860945100,-4353127.55877385,NO,ARCHIVO_CICLO
175,2026-01-08T15:58:00.018173800,121.4,NO,ARCHIVO_CICLO
577,2026-01-08T15:57:57.860945100,0.0,SÍ,ARCHIVO_CICLO
176,2026-01-08T15:58:00.020289400,-8746942.524920333,NO,ARCHIVO_CICLO
578,2026-01-08T15:57:57.860945100,0.0,SÍ,ARCHIVO_CICLO
177,2026-01-08T15:58:00.020289400,0.0,SÍ,ARCHIVO_CICLO
579,2026-01-08T15:57:57.860945100,96.8,NO,ARCHIVO_CICLO
178,2026-01-08T15:58:00.020289400,0.0,SÍ,ARCHIVO_CICLO
580,2026-01-08T15:57:57.860945100,98.5,NO,ARCHIVO_CICLO
179,2026-01-08T15:58:00.020289400,116.9,NO,ARCHIVO_CICLO
581,2026-01-08T15:57:57.860945100,97.0,NO,ARCHIVO_CICLO
180,2026-01-08T15:58:00.020289400,115.9,NO,ARCHIVO_CICLO
582,2026-01-08T15:57:57.860945100,0.0,SÍ,ARCHIVO_CICLO
181,2026-01-08T15:58:00.020289400,123.3,NO,ARCHIVO_CICLO
583,2026-01-08T15:57:57.860945100,97.8,NO,ARCHIVO_CICLO
182,2026-01-08T15:58:00.020289400,0.0,SÍ,ARCHIVO_CICLO
584,2026-01-08T15:57:57.860945100,-4663951.825396897,NO,ARCHIVO_CICLO
183,2026-01-08T15:58:00.020289400,119.2,NO,ARCHIVO_CICLO
585,2026-01-08T15:57:57.860945100,0.0,SÍ,ARCHIVO_CICLO
184,2026-01-08T15:58:00.021110200,-8517685.798883226,NO,ARCHIVO_CICLO
586,2026-01-08T15:57:57.860945100,0.0,SÍ,ARCHIVO_CICLO
185,2026-01-08T15:58:00.021110200,0.0,SÍ,ARCHIVO_CICLO
587,2026-01-08T15:57:57.860945100,96.7,NO,ARCHIVO_CICLO
186,2026-01-08T15:58:00.021110200,0.0,SÍ,ARCHIVO_CICLO
588,2026-01-08T15:57:57.860945100,96.8,NO,ARCHIVO_CICLO
187,2026-01-08T15:58:00.021110200,117.1,NO,ARCHIVO_CICLO
589,2026-01-08T15:57:57.860945100,97.1,NO,ARCHIVO_CICLO
188,2026-01-08T15:58:00.021110200,118.2,NO,ARCHIVO_CICLO
590,2026-01-08T15:57:57.860945100,0.0,SÍ,ARCHIVO_CICLO
189,2026-01-08T15:58:00.021110200,119.6,NO,ARCHIVO_CICLO
591,2026-01-08T15:57:57.860945100,92.3,NO,ARCHIVO_CICLO
190,2026-01-08T15:58:00.021110200,0.0,SÍ,ARCHIVO_CICLO
592,2026-01-08T15:57:57.860945100,-4366345.548322678,NO,ARCHIVO_CICLO
191,2026-01-08T15:58:00.021110200,120.4,NO,ARCHIVO_CICLO
593,2026-01-08T15:57:57.860945100,0.0,SÍ,ARCHIVO_CICLO
192,2026-01-08T15:58:00.021110200,-9174243.805896895,NO,ARCHIVO_CICLO
594,2026-01-08T15:57:57.860945100,0.0,SÍ,ARCHIVO_CICLO
193,2026-01-08T15:58:00.021110200,0.0,SÍ,ARCHIVO_CICLO
595,2026-01-08T15:57:57.860945100,95.9,NO,ARCHIVO_CICLO
194,2026-01-08T15:58:00.021110200,0.0,SÍ,ARCHIVO_CICLO
596,2026-01-08T15:57:57.860945100,96.5,NO,ARCHIVO_CICLO
195,2026-01-08T15:58:00.021110200,118.4,NO,ARCHIVO_CICLO
597,2026-01-08T15:57:57.860945100,95.8,NO,ARCHIVO_CICLO
196,2026-01-08T15:58:00.021110200,121.1,NO,ARCHIVO_CICLO
598,2026-01-08T15:57:57.860945100,0.0,SÍ,ARCHIVO_CICLO
197,2026-01-08T15:58:00.021110200,122.3,NO,ARCHIVO_CICLO
599,2026-01-08T15:57:57.860945100,93.5,NO,ARCHIVO_CICLO
198,2026-01-08T15:58:00.021110200,0.0,SÍ,ARCHIVO_CICLO
600,2026-01-08T15:57:57.860945100,-4432836.986066818,NO,ARCHIVO_CICLO
199,2026-01-08T15:58:00.021110200,118.1,NO,ARCHIVO_CICLO
601,2026-01-08T15:57:57.860945100,0.0,SÍ,ARCHIVO_CICLO
200,2026-01-08T15:58:00.022152,-9174243.805896895,NO,ARCHIVO_CICLO
602,2026-01-08T15:57:57.860945100,0.0,SÍ,ARCHIVO_CICLO
201,2026-01-08T15:58:00.022152,0.0,SÍ,ARCHIVO_CICLO
603,2026-01-08T15:57:57.860945100,95.4,NO,ARCHIVO_CICLO
202,2026-01-08T15:58:00.022152,0.0,SÍ,ARCHIVO_CICLO
604,2026-01-08T15:57:57.860945100,95.5,NO,ARCHIVO_CICLO
203,2026-01-08T15:58:00.022152,118.5,NO,ARCHIVO_CICLO
605,2026-01-08T15:57:57.860945100,95.6,NO,ARCHIVO_CICLO
204,2026-01-08T15:58:00.022152,121.0,NO,ARCHIVO_CICLO
606,2026-01-08T15:57:57.860945100,0.0,SÍ,ARCHIVO_CICLO
205,2026-01-08T15:58:00.022152,122.3,NO,ARCHIVO_CICLO
607,2026-01-08T15:57:57.860945100,91.0,NO,ARCHIVO_CICLO
206,2026-01-08T15:58:00.022152,0.0,SÍ,ARCHIVO_CICLO
608,2026-01-08T15:57:57.860945100,-3919427.4841136932,NO,ARCHIVO_CICLO
207,2026-01-08T15:58:00.022152,118.1,NO,ARCHIVO_CICLO
609,2026-01-08T15:57:57.860945100,0.0,SÍ,ARCHIVO_CICLO
208,2026-01-08T15:58:00.022867300,-9239514.861543378,NO,ARCHIVO_CICLO
610,2026-01-08T15:57:57.860945100,0.0,SÍ,ARCHIVO_CICLO
209,2026-01-08T15:58:00.022867300,0.0,SÍ,ARCHIVO_CICLO
611,2026-01-08T15:57:57.860945100,93.7,NO,ARCHIVO_CICLO
210,2026-01-08T15:58:00.022867300,0.0,SÍ,ARCHIVO_CICLO
612,2026-01-08T15:57:57.860945100,95.5,NO,ARCHIVO_CICLO
211,2026-01-08T15:58:00.022867300,119.2,NO,ARCHIVO_CICLO
613,2026-01-08T15:57:57.860945100,94.4,NO,ARCHIVO_CICLO
212,2026-01-08T15:58:00.022867300,121.3,NO,ARCHIVO_CICLO
614,2026-01-08T15:57:57.860945100,0.0,SÍ,ARCHIVO_CICLO
213,2026-01-08T15:58:00.022867300,122.1,NO,ARCHIVO_CICLO
615,2026-01-08T15:57:57.860945100,95.7,NO,ARCHIVO_CICLO
214,2026-01-08T15:58:00.022867300,0.0,SÍ,ARCHIVO_CICLO
616,2026-01-08T15:57:57.864498700,-3981312.046857834,NO,ARCHIVO_CICLO
215,2026-01-08T15:58:00.022867300,117.6,NO,ARCHIVO_CICLO
617,2026-01-08T15:57:57.864498700,0.0,SÍ,ARCHIVO_CICLO
216,2026-01-08T15:58:00.022867300,-8937547.229859788,NO,ARCHIVO_CICLO
618,2026-01-08T15:57:57.864498700,0.0,SÍ,ARCHIVO_CICLO
217,2026-01-08T15:58:00.022867300,0.0,SÍ,ARCHIVO_CICLO
619,2026-01-08T15:57:57.864498700,93.1,NO,ARCHIVO_CICLO
218,2026-01-08T15:58:00.022867300,0.0,SÍ,ARCHIVO_CICLO
620,2026-01-08T15:57:57.864498700,94.3,NO,ARCHIVO_CICLO
219,2026-01-08T15:58:00.022867300,118.7,NO,ARCHIVO_CICLO
621,2026-01-08T15:57:57.864498700,94.3,NO,ARCHIVO_CICLO
220,2026-01-08T15:58:00.022867300,121.6,NO,ARCHIVO_CICLO
622,2026-01-08T15:57:57.864498700,0.0,SÍ,ARCHIVO_CICLO
221,2026-01-08T15:58:00.022867300,124.9,NO,ARCHIVO_CICLO
623,2026-01-08T15:57:57.864498700,93.4,NO,ARCHIVO_CICLO
222,2026-01-08T15:58:00.022867300,0.0,SÍ,ARCHIVO_CICLO
624,2026-01-08T15:57:57.864498700,-4119743.7968949424,NO,ARCHIVO_CICLO
223,2026-01-08T15:58:00.022867300,119.6,NO,ARCHIVO_CICLO
625,2026-01-08T15:57:57.864498700,0.0,SÍ,ARCHIVO_CICLO
224,2026-01-08T15:58:00.024666100,-8684015.12327385,NO,ARCHIVO_CICLO
626,2026-01-08T15:57:57.864498700,0.0,SÍ,ARCHIVO_CICLO
225,2026-01-08T15:58:00.024666100,0.0,SÍ,ARCHIVO_CICLO
627,2026-01-08T15:57:57.864498700,92.9,NO,ARCHIVO_CICLO
226,2026-01-08T15:58:00.024666100,0.0,SÍ,ARCHIVO_CICLO
628,2026-01-08T15:57:57.864498700,93.0,NO,ARCHIVO_CICLO
227,2026-01-08T15:58:00.024666100,118.0,NO,ARCHIVO_CICLO
629,2026-01-08T15:57:57.864498700,93.9,NO,ARCHIVO_CICLO
228,2026-01-08T15:58:00.024666100,122.0,NO,ARCHIVO_CICLO
630,2026-01-08T15:57:57.864498700,0.0,SÍ,ARCHIVO_CICLO
229,2026-01-08T15:58:00.024666100,121.8,NO,ARCHIVO_CICLO
631,2026-01-08T15:57:57.864498700,89.9,NO,ARCHIVO_CICLO
230,2026-01-08T15:58:00.024666100,0.0,SÍ,ARCHIVO_CICLO
632,2026-01-08T15:57:57.864498700,-3931752.718662521,NO,ARCHIVO_CICLO
231,2026-01-08T15:58:00.024666100,121.0,NO,ARCHIVO_CICLO
633,2026-01-08T15:57:57.864498700,0.0,SÍ,ARCHIVO_CICLO
232,2026-01-08T15:58:00.024666100,-8937547.229859788,NO,ARCHIVO_CICLO
634,2026-01-08T15:57:57.864498700,0.0,SÍ,ARCHIVO_CICLO
233,2026-01-08T15:58:00.024666100,0.0,SÍ,ARCHIVO_CICLO
635,2026-01-08T15:57:57.864498700,92.6,NO,ARCHIVO_CICLO
234,2026-01-08T15:58:00.024666100,0.0,SÍ,ARCHIVO_CICLO
636,2026-01-08T15:57:57.864498700,92.7,NO,ARCHIVO_CICLO
235,2026-01-08T15:58:00.024666100,118.9,NO,ARCHIVO_CICLO
637,2026-01-08T15:57:57.864498700,92.5,NO,ARCHIVO_CICLO
236,2026-01-08T15:58:00.024666100,121.5,NO,ARCHIVO_CICLO
638,2026-01-08T15:57:57.864498700,0.0,SÍ,ARCHIVO_CICLO
237,2026-01-08T15:58:00.024666100,124.6,NO,ARCHIVO_CICLO
639,2026-01-08T15:57:57.864498700,89.2,NO,ARCHIVO_CICLO
238,2026-01-08T15:58:00.024666100,0.0,SÍ,ARCHIVO_CICLO
640,2026-01-08T15:57:57.864498700,-3919427.4841136932,NO,ARCHIVO_CICLO
239,2026-01-08T15:58:00.024666100,119.0,NO,ARCHIVO_CICLO
641,2026-01-08T15:57:57.864498700,0.0,SÍ,ARCHIVO_CICLO
240,2026-01-08T15:58:00.025792,-8559067.195980882,NO,ARCHIVO_CICLO
642,2026-01-08T15:57:57.864498700,0.0,SÍ,ARCHIVO_CICLO
241,2026-01-08T15:58:00.025792,0.0,SÍ,ARCHIVO_CICLO
643,2026-01-08T15:57:57.864498700,91.9,NO,ARCHIVO_CICLO
242,2026-01-08T15:58:00.025792,0.0,SÍ,ARCHIVO_CICLO
644,2026-01-08T15:57:57.864498700,91.9,NO,ARCHIVO_CICLO
243,2026-01-08T15:58:00.025792,118.2,NO,ARCHIVO_CICLO
645,2026-01-08T15:57:57.864498700,91.9,NO,ARCHIVO_CICLO
244,2026-01-08T15:58:00.025792,122.6,NO,ARCHIVO_CICLO
646,2026-01-08T15:57:57.864498700,0.0,SÍ,ARCHIVO_CICLO
245,2026-01-08T15:58:00.025792,121.3,NO,ARCHIVO_CICLO
647,2026-01-08T15:57:57.864498700,87.9,NO,ARCHIVO_CICLO
246,2026-01-08T15:58:00.025792,0.0,SÍ,ARCHIVO_CICLO
648,2026-01-08T15:57:57.866958700,-3690116.397685958,NO,ARCHIVO_CICLO
247,2026-01-08T15:58:00.025792,121.2,NO,ARCHIVO_CICLO
649,2026-01-08T15:57:57.866958700,0.0,SÍ,ARCHIVO_CICLO
248,2026-01-08T15:58:00.025792,-9393016.346385177,NO,ARCHIVO_CICLO
650,2026-01-08T15:57:57.866958700,0.0,SÍ,ARCHIVO_CICLO
249,2026-01-08T15:58:00.025792,0.0,SÍ,ARCHIVO_CICLO
651,2026-01-08T15:57:57.866958700,90.8,NO,ARCHIVO_CICLO
250,2026-01-08T15:58:00.025792,0.0,SÍ,ARCHIVO_CICLO
652,2026-01-08T15:57:57.866958700,91.6,NO,ARCHIVO_CICLO
251,2026-01-08T15:58:00.025792,119.6,NO,ARCHIVO_CICLO
653,2026-01-08T15:57:57.866958700,89.9,NO,ARCHIVO_CICLO
252,2026-01-08T15:58:00.025792,121.5,NO,ARCHIVO_CICLO
654,2026-01-08T15:57:57.866958700,0.0,SÍ,ARCHIVO_CICLO
253,2026-01-08T15:58:00.025792,121.8,NO,ARCHIVO_CICLO
655,2026-01-08T15:57:57.866958700,89.9,NO,ARCHIVO_CICLO
254,2026-01-08T15:58:00.025792,0.0,SÍ,ARCHIVO_CICLO
656,2026-01-08T15:57:57.866958700,-3797588.858625412,NO,ARCHIVO_CICLO
255,2026-01-08T15:58:00.025792,116.8,NO,ARCHIVO_CICLO
657,2026-01-08T15:57:57.866958700,0.0,SÍ,ARCHIVO_CICLO
256,2026-01-08T15:58:00.025792,-9001692.061506271,NO,ARCHIVO_CICLO
658,2026-01-08T15:57:57.866958700,0.0,SÍ,ARCHIVO_CICLO
257,2026-01-08T15:58:00.025792,0.0,SÍ,ARCHIVO_CICLO
659,2026-01-08T15:57:57.866958700,91.3,NO,ARCHIVO_CICLO
258,2026-01-08T15:58:00.025792,0.0,SÍ,ARCHIVO_CICLO
660,2026-01-08T15:57:57.866958700,90.6,NO,ARCHIVO_CICLO
259,2026-01-08T15:58:00.025792,119.0,NO,ARCHIVO_CICLO
661,2026-01-08T15:57:57.866958700,90.3,NO,ARCHIVO_CICLO
260,2026-01-08T15:58:00.025792,121.9,NO,ARCHIVO_CICLO
662,2026-01-08T15:57:57.866958700,0.0,SÍ,ARCHIVO_CICLO
261,2026-01-08T15:58:00.025792,119.1,NO,ARCHIVO_CICLO
663,2026-01-08T15:57:57.866958700,86.0,NO,ARCHIVO_CICLO
262,2026-01-08T15:58:00.025792,0.0,SÍ,ARCHIVO_CICLO
664,2026-01-08T15:57:57.866958700,-3515534.869453537,NO,ARCHIVO_CICLO
263,2026-01-08T15:58:00.025792,119.0,NO,ARCHIVO_CICLO
665,2026-01-08T15:57:57.866958700,0.0,SÍ,ARCHIVO_CICLO
264,2026-01-08T15:58:00.025792,-8621390.256627366,NO,ARCHIVO_CICLO
666,2026-01-08T15:57:57.866958700,0.0,SÍ,ARCHIVO_CICLO
265,2026-01-08T15:58:00.025792,0.0,SÍ,ARCHIVO_CICLO
667,2026-01-08T15:57:57.866958700,89.2,NO,ARCHIVO_CICLO
266,2026-01-08T15:58:00.025792,0.0,SÍ,ARCHIVO_CICLO
668,2026-01-08T15:57:57.866958700,91.0,NO,ARCHIVO_CICLO
267,2026-01-08T15:58:00.025792,118.8,NO,ARCHIVO_CICLO
669,2026-01-08T15:57:57.866958700,88.7,NO,ARCHIVO_CICLO
268,2026-01-08T15:58:00.025792,122.6,NO,ARCHIVO_CICLO
670,2026-01-08T15:57:57.866958700,0.0,SÍ,ARCHIVO_CICLO
269,2026-01-08T15:58:00.025792,121.6,NO,ARCHIVO_CICLO
671,2026-01-08T15:57:57.866958700,89.2,NO,ARCHIVO_CICLO
270,2026-01-08T15:58:00.025792,0.0,SÍ,ARCHIVO_CICLO
672,2026-01-08T15:57:57.868406900,-3607942.9458441623,NO,ARCHIVO_CICLO
271,2026-01-08T15:58:00.025792,121.4,NO,ARCHIVO_CICLO
673,2026-01-08T15:57:57.868406900,0.0,SÍ,ARCHIVO_CICLO
272,2026-01-08T15:58:00.028744700,-9459319.74703166,NO,ARCHIVO_CICLO
674,2026-01-08T15:57:57.868406900,0.0,SÍ,ARCHIVO_CICLO
273,2026-01-08T15:58:00.028744700,0.0,SÍ,ARCHIVO_CICLO
675,2026-01-08T15:57:57.868406900,88.5,NO,ARCHIVO_CICLO
274,2026-01-08T15:58:00.028744700,0.0,SÍ,ARCHIVO_CICLO
676,2026-01-08T15:57:57.868406900,89.9,NO,ARCHIVO_CICLO
275,2026-01-08T15:58:00.028744700,119.8,NO,ARCHIVO_CICLO
677,2026-01-08T15:57:57.868406900,91.6,NO,ARCHIVO_CICLO
276,2026-01-08T15:58:00.028744700,121.3,NO,ARCHIVO_CICLO
678,2026-01-08T15:57:57.868406900,0.0,SÍ,ARCHIVO_CICLO
277,2026-01-08T15:58:00.028744700,122.5,NO,ARCHIVO_CICLO
679,2026-01-08T15:57:57.868406900,87.7,NO,ARCHIVO_CICLO
278,2026-01-08T15:58:00.028744700,0.0,SÍ,ARCHIVO_CICLO
680,2026-01-08T15:57:57.868406900,-3584690.968746506,NO,ARCHIVO_CICLO
279,2026-01-08T15:58:00.028744700,117.4,NO,ARCHIVO_CICLO
681,2026-01-08T15:57:57.868406900,0.0,SÍ,ARCHIVO_CICLO
280,2026-01-08T15:58:00.028744700,-8980276.466957446,NO,ARCHIVO_CICLO
682,2026-01-08T15:57:57.868406900,0.0,SÍ,ARCHIVO_CICLO
281,2026-01-08T15:58:00.028744700,0.0,SÍ,ARCHIVO_CICLO
683,2026-01-08T15:57:57.868406900,87.8,NO,ARCHIVO_CICLO
282,2026-01-08T15:58:00.028744700,0.0,SÍ,ARCHIVO_CICLO
684,2026-01-08T15:57:57.868406900,89.5,NO,ARCHIVO_CICLO
283,2026-01-08T15:58:00.028744700,118.8,NO,ARCHIVO_CICLO
685,2026-01-08T15:57:57.868406900,91.0,NO,ARCHIVO_CICLO
284,2026-01-08T15:58:00.028744700,120.8,NO,ARCHIVO_CICLO
686,2026-01-08T15:57:57.868406900,0.0,SÍ,ARCHIVO_CICLO
285,2026-01-08T15:58:00.028744700,121.9,NO,ARCHIVO_CICLO
687,2026-01-08T15:57:57.868406900,87.0,NO,ARCHIVO_CICLO
286,2026-01-08T15:58:00.028744700,0.0,SÍ,ARCHIVO_CICLO
688,2026-01-08T15:57:57.868406900,-3368759.948318771,NO,ARCHIVO_CICLO
287,2026-01-08T15:58:00.028744700,119.6,NO,ARCHIVO_CICLO
689,2026-01-08T15:57:57.868406900,0.0,SÍ,ARCHIVO_CICLO
288,2026-01-08T15:58:00.028744700,-9415082.937934007,NO,ARCHIVO_CICLO
690,2026-01-08T15:57:57.868406900,0.0,SÍ,ARCHIVO_CICLO
289,2026-01-08T15:58:00.028744700,0.0,SÍ,ARCHIVO_CICLO
691,2026-01-08T15:57:57.868406900,86.7,NO,ARCHIVO_CICLO
290,2026-01-08T15:58:00.028744700,0.0,SÍ,ARCHIVO_CICLO
692,2026-01-08T15:57:57.868406900,89.7,NO,ARCHIVO_CICLO
291,2026-01-08T15:58:00.028744700,120.0,NO,ARCHIVO_CICLO
693,2026-01-08T15:57:57.868406900,91.2,NO,ARCHIVO_CICLO
292,2026-01-08T15:58:00.028744700,115.1,NO,ARCHIVO_CICLO
694,2026-01-08T15:57:57.868406900,0.0,SÍ,ARCHIVO_CICLO
293,2026-01-08T15:58:00.028744700,121.6,NO,ARCHIVO_CICLO
695,2026-01-08T15:57:57.868406900,88.2,NO,ARCHIVO_CICLO
294,2026-01-08T15:58:00.028744700,0.0,SÍ,ARCHIVO_CICLO
696,2026-01-08T15:57:57.868406900,-3469928.503258225,NO,ARCHIVO_CICLO
295,2026-01-08T15:58:00.028744700,116.7,NO,ARCHIVO_CICLO
697,2026-01-08T15:57:57.868406900,0.0,SÍ,ARCHIVO_CICLO
296,2026-01-08T15:58:00.030707600,-9370984.26083635,NO,ARCHIVO_CICLO
698,2026-01-08T15:57:57.868406900,0.0,SÍ,ARCHIVO_CICLO
297,2026-01-08T15:58:00.030707600,0.0,SÍ,ARCHIVO_CICLO
699,2026-01-08T15:57:57.868406900,86.8,NO,ARCHIVO_CICLO
700,2026-01-08T15:57:57.868406900,88.5,NO,ARCHIVO_CICLO
298,2026-01-08T15:58:00.030707600,0.0,SÍ,ARCHIVO_CICLO
701,2026-01-08T15:57:57.868406900,90.1,NO,ARCHIVO_CICLO
299,2026-01-08T15:58:00.030707600,120.3,NO,ARCHIVO_CICLO
702,2026-01-08T15:57:57.868406900,0.0,SÍ,ARCHIVO_CICLO
300,2026-01-08T15:58:00.030707600,114.4,NO,ARCHIVO_CICLO
703,2026-01-08T15:57:57.868406900,86.0,NO,ARCHIVO_CICLO
301,2026-01-08T15:58:00.030707600,121.7,NO,ARCHIVO_CICLO
704,2026-01-08T15:57:57.871560700,-3435983.7926117405,NO,ARCHIVO_CICLO
302,2026-01-08T15:58:00.030707600,0.0,SÍ,ARCHIVO_CICLO
705,2026-01-08T15:57:57.871560700,0.0,SÍ,ARCHIVO_CICLO
303,2026-01-08T15:58:00.030707600,117.1,NO,ARCHIVO_CICLO
706,2026-01-08T15:57:57.871560700,0.0,SÍ,ARCHIVO_CICLO
304,2026-01-08T15:58:00.030707600,-9239514.861543378,NO,ARCHIVO_CICLO
707,2026-01-08T15:57:57.871560700,86.9,NO,ARCHIVO_CICLO
305,2026-01-08T15:58:00.030707600,0.0,SÍ,ARCHIVO_CICLO
708,2026-01-08T15:57:57.871560700,88.5,NO,ARCHIVO_CICLO
306,2026-01-08T15:58:00.030707600,0.0,SÍ,ARCHIVO_CICLO
709,2026-01-08T15:57:57.871560700,89.2,NO,ARCHIVO_CICLO
307,2026-01-08T15:58:00.030707600,119.6,NO,ARCHIVO_CICLO
710,2026-01-08T15:57:57.871560700,0.0,SÍ,ARCHIVO_CICLO
308,2026-01-08T15:58:00.030707600,115.8,NO,ARCHIVO_CICLO
711,2026-01-08T15:57:57.871560700,84.9,NO,ARCHIVO_CICLO
309,2026-01-08T15:58:00.030707600,124.7,NO,ARCHIVO_CICLO
712,2026-01-08T15:57:57.871560700,-3458588.876709396,NO,ARCHIVO_CICLO
310,2026-01-08T15:58:00.030707600,0.0,SÍ,ARCHIVO_CICLO
713,2026-01-08T15:57:57.871560700,0.0,SÍ,ARCHIVO_CICLO
311,2026-01-08T15:58:00.030707600,118.3,NO,ARCHIVO_CICLO
714,2026-01-08T15:57:57.871560700,0.0,SÍ,ARCHIVO_CICLO
312,2026-01-08T15:58:00.033268800,-9503694.904129319,NO,ARCHIVO_CICLO
715,2026-01-08T15:57:57.871560700,86.1,NO,ARCHIVO_CICLO
313,2026-01-08T15:58:00.033268800,0.0,SÍ,ARCHIVO_CICLO
716,2026-01-08T15:57:57.871560700,87.8,NO,ARCHIVO_CICLO
314,2026-01-08T15:58:00.033268800,0.0,SÍ,ARCHIVO_CICLO
717,2026-01-08T15:57:57.871560700,88.8,NO,ARCHIVO_CICLO
315,2026-01-08T15:58:00.033268800,119.9,NO,ARCHIVO_CICLO
718,2026-01-08T15:57:57.871560700,0.0,SÍ,ARCHIVO_CICLO
316,2026-01-08T15:58:00.033268800,114.4,NO,ARCHIVO_CICLO
719,2026-01-08T15:57:57.871560700,84.3,NO,ARCHIVO_CICLO
317,2026-01-08T15:58:00.033268800,122.7,NO,ARCHIVO_CICLO
720,2026-01-08T15:57:57.871560700,-3269577.1893793186,NO,ARCHIVO_CICLO
318,2026-01-08T15:58:00.033268800,0.0,SÍ,ARCHIVO_CICLO
721,2026-01-08T15:57:57.871560700,0.0,SÍ,ARCHIVO_CICLO
319,2026-01-08T15:58:00.033268800,117.1,NO,ARCHIVO_CICLO
722,2026-01-08T15:57:57.871560700,0.0,SÍ,ARCHIVO_CICLO
320,2026-01-08T15:58:00.033268800,-9195966.552445726,NO,ARCHIVO_CICLO
723,2026-01-08T15:57:57.871560700,84.7,NO,ARCHIVO_CICLO
321,2026-01-08T15:58:00.033268800,0.0,SÍ,ARCHIVO_CICLO
724,2026-01-08T15:57:57.871560700,87.8,NO,ARCHIVO_CICLO
322,2026-01-08T15:58:00.033268800,0.0,SÍ,ARCHIVO_CICLO
725,2026-01-08T15:57:57.871560700,89.7,NO,ARCHIVO_CICLO
323,2026-01-08T15:58:00.033268800,119.5,NO,ARCHIVO_CICLO
726,2026-01-08T15:57:57.871560700,0.0,SÍ,ARCHIVO_CICLO
324,2026-01-08T15:58:00.033268800,112.9,NO,ARCHIVO_CICLO
727,2026-01-08T15:57:57.871560700,86.2,NO,ARCHIVO_CICLO
325,2026-01-08T15:58:00.033268800,122.3,NO,ARCHIVO_CICLO
728,2026-01-08T15:57:57.871560700,-3172360.543439865,NO,ARCHIVO_CICLO
326,2026-01-08T15:58:00.033268800,0.0,SÍ,ARCHIVO_CICLO
729,2026-01-08T15:57:57.871560700,0.0,SÍ,ARCHIVO_CICLO
327,2026-01-08T15:58:00.033268800,118.9,NO,ARCHIVO_CICLO
730,2026-01-08T15:57:57.871560700,0.0,SÍ,ARCHIVO_CICLO
328,2026-01-08T15:58:00.033268800,-9239514.861543378,NO,ARCHIVO_CICLO
731,2026-01-08T15:57:57.871560700,84.3,NO,ARCHIVO_CICLO
329,2026-01-08T15:58:00.033268800,0.0,SÍ,ARCHIVO_CICLO
732,2026-01-08T15:57:57.871560700,87.7,NO,ARCHIVO_CICLO
330,2026-01-08T15:58:00.033268800,0.0,SÍ,ARCHIVO_CICLO
733,2026-01-08T15:57:57.871560700,85.2,NO,ARCHIVO_CICLO
331,2026-01-08T15:58:00.033268800,119.6,NO,ARCHIVO_CICLO
734,2026-01-08T15:57:57.871560700,0.0,SÍ,ARCHIVO_CICLO
332,2026-01-08T15:58:00.033268800,113.1,NO,ARCHIVO_CICLO
735,2026-01-08T15:57:57.871560700,85.9,NO,ARCHIVO_CICLO
333,2026-01-08T15:58:00.033268800,122.9,NO,ARCHIVO_CICLO
736,2026-01-08T15:57:57.871560700,-3151021.8673422085,NO,ARCHIVO_CICLO
334,2026-01-08T15:58:00.033268800,0.0,SÍ,ARCHIVO_CICLO
737,2026-01-08T15:57:57.871560700,0.0,SÍ,ARCHIVO_CICLO
335,2026-01-08T15:58:00.033268800,118.5,NO,ARCHIVO_CICLO
738,2026-01-08T15:57:57.871560700,0.0,SÍ,ARCHIVO_CICLO
336,2026-01-08T15:58:00.033268800,-9217723.561994553,NO,ARCHIVO_CICLO
739,2026-01-08T15:57:57.871560700,84.3,NO,ARCHIVO_CICLO
337,2026-01-08T15:58:00.033268800,0.0,SÍ,ARCHIVO_CICLO
740,2026-01-08T15:57:57.871560700,86.9,NO,ARCHIVO_CICLO
338,2026-01-08T15:58:00.033268800,0.0,SÍ,ARCHIVO_CICLO
741,2026-01-08T15:57:57.871560700,85.8,NO,ARCHIVO_CICLO
339,2026-01-08T15:58:00.033268800,119.7,NO,ARCHIVO_CICLO
742,2026-01-08T15:57:57.871560700,0.0,SÍ,ARCHIVO_CICLO
340,2026-01-08T15:58:00.033268800,114.4,NO,ARCHIVO_CICLO
743,2026-01-08T15:57:57.871560700,85.1,NO,ARCHIVO_CICLO
341,2026-01-08T15:58:00.033268800,118.5,NO,ARCHIVO_CICLO
744,2026-01-08T15:57:57.871560700,-3035367.6413050997,NO,ARCHIVO_CICLO
342,2026-01-08T15:58:00.033268800,0.0,SÍ,ARCHIVO_CICLO
745,2026-01-08T15:57:57.871560700,0.0,SÍ,ARCHIVO_CICLO
343,2026-01-08T15:58:00.033268800,118.2,NO,ARCHIVO_CICLO
746,2026-01-08T15:57:57.871560700,0.0,SÍ,ARCHIVO_CICLO
344,2026-01-08T15:58:00.035684100,-9217723.561994553,NO,ARCHIVO_CICLO
747,2026-01-08T15:57:57.871560700,83.4,NO,ARCHIVO_CICLO
345,2026-01-08T15:58:00.035684100,0.0,SÍ,ARCHIVO_CICLO
748,2026-01-08T15:57:57.871560700,86.9,NO,ARCHIVO_CICLO
346,2026-01-08T15:58:00.035684100,0.0,SÍ,ARCHIVO_CICLO
749,2026-01-08T15:57:57.871560700,84.9,NO,ARCHIVO_CICLO
347,2026-01-08T15:58:00.035684100,119.6,NO,ARCHIVO_CICLO
750,2026-01-08T15:57:57.871560700,0.0,SÍ,ARCHIVO_CICLO
348,2026-01-08T15:58:00.035684100,114.8,NO,ARCHIVO_CICLO
751,2026-01-08T15:57:57.871560700,85.3,NO,ARCHIVO_CICLO
349,2026-01-08T15:58:00.035684100,122.7,NO,ARCHIVO_CICLO
752,2026-01-08T15:57:57.874550500,-3066624.042951584,NO,ARCHIVO_CICLO
350,2026-01-08T15:58:00.035684100,0.0,SÍ,ARCHIVO_CICLO
753,2026-01-08T15:57:57.874550500,0.0,SÍ,ARCHIVO_CICLO
351,2026-01-08T15:58:00.035684100,118.2,NO,ARCHIVO_CICLO
754,2026-01-08T15:57:57.874550500,0.0,SÍ,ARCHIVO_CICLO
352,2026-01-08T15:58:00.036533300,-9283200.438641036,NO,ARCHIVO_CICLO
755,2026-01-08T15:57:57.874550500,83.3,NO,ARCHIVO_CICLO
353,2026-01-08T15:58:00.036533300,0.0,SÍ,ARCHIVO_CICLO
756,2026-01-08T15:57:57.874550500,85.9,NO,ARCHIVO_CICLO
354,2026-01-08T15:58:00.036533300,0.0,SÍ,ARCHIVO_CICLO
757,2026-01-08T15:57:57.874550500,84.6,NO,ARCHIVO_CICLO
355,2026-01-08T15:58:00.036533300,120.2,NO,ARCHIVO_CICLO
758,2026-01-08T15:57:57.874550500,0.0,SÍ,ARCHIVO_CICLO
356,2026-01-08T15:58:00.036533300,113.5,NO,ARCHIVO_CICLO
759,2026-01-08T15:57:57.874550500,84.1,NO,ARCHIVO_CICLO
357,2026-01-08T15:58:00.036533300,120.9,NO,ARCHIVO_CICLO
760,2026-01-08T15:57:57.875281300,-3004324.3506586156,NO,ARCHIVO_CICLO
358,2026-01-08T15:58:00.036533300,0.0,SÍ,ARCHIVO_CICLO
761,2026-01-08T15:57:57.875281300,0.0,SÍ,ARCHIVO_CICLO
359,2026-01-08T15:58:00.036533300,117.5,NO,ARCHIVO_CICLO
762,2026-01-08T15:57:57.875281300,0.0,SÍ,ARCHIVO_CICLO
360,2026-01-08T15:58:00.036533300,-8810173.190566815,NO,ARCHIVO_CICLO
763,2026-01-08T15:57:57.875281300,82.8,NO,ARCHIVO_CICLO
361,2026-01-08T15:58:00.036533300,0.0,SÍ,ARCHIVO_CICLO
764,2026-01-08T15:57:57.875281300,85.5,NO,ARCHIVO_CICLO
362,2026-01-08T15:58:00.036533300,0.0,SÍ,ARCHIVO_CICLO
765,2026-01-08T15:57:57.875281300,83.6,NO,ARCHIVO_CICLO
363,2026-01-08T15:58:00.036533300,119.5,NO,ARCHIVO_CICLO
766,2026-01-08T15:57:57.875281300,0.0,SÍ,ARCHIVO_CICLO
364,2026-01-08T15:58:00.036533300,113.1,NO,ARCHIVO_CICLO
767,2026-01-08T15:57:57.875281300,83.8,NO,ARCHIVO_CICLO
365,2026-01-08T15:58:00.036533300,121.5,NO,ARCHIVO_CICLO
768,2026-01-08T15:57:57.875281300,-2912465.854719162,NO,ARCHIVO_CICLO
366,2026-01-08T15:58:00.036533300,0.0,SÍ,ARCHIVO_CICLO
769,2026-01-08T15:57:57.875281300,0.0,SÍ,ARCHIVO_CICLO
367,2026-01-08T15:58:00.036533300,120.5,NO,ARCHIVO_CICLO
770,2026-01-08T15:57:57.875281300,0.0,SÍ,ARCHIVO_CICLO
368,2026-01-08T15:58:00.036533300,-9261340.47809221,NO,ARCHIVO_CICLO
771,2026-01-08T15:57:57.875281300,81.5,NO,ARCHIVO_CICLO
369,2026-01-08T15:58:00.036533300,0.0,SÍ,ARCHIVO_CICLO
772,2026-01-08T15:57:57.875281300,85.0,NO,ARCHIVO_CICLO
370,2026-01-08T15:58:00.036533300,0.0,SÍ,ARCHIVO_CICLO
773,2026-01-08T15:57:57.875281300,85.5,NO,ARCHIVO_CICLO
371,2026-01-08T15:58:00.036533300,120.0,NO,ARCHIVO_CICLO
774,2026-01-08T15:57:57.875281300,0.0,SÍ,ARCHIVO_CICLO
372,2026-01-08T15:58:00.036533300,111.8,NO,ARCHIVO_CICLO
775,2026-01-08T15:57:57.875281300,84.5,NO,ARCHIVO_CICLO
373,2026-01-08T15:58:00.036533300,124.3,NO,ARCHIVO_CICLO
776,2026-01-08T15:57:57.875281300,-2783115.977584397,NO,ARCHIVO_CICLO
374,2026-01-08T15:58:00.036533300,0.0,SÍ,ARCHIVO_CICLO
777,2026-01-08T15:57:57.875281300,0.0,SÍ,ARCHIVO_CICLO
375,2026-01-08T15:58:00.036533300,117.7,NO,ARCHIVO_CICLO
778,2026-01-08T15:57:57.875281300,0.0,SÍ,ARCHIVO_CICLO
376,2026-01-08T15:58:00.036533300,-9195966.552445726,NO,ARCHIVO_CICLO
779,2026-01-08T15:57:57.875281300,81.8,NO,ARCHIVO_CICLO
377,2026-01-08T15:58:00.036533300,0.0,SÍ,ARCHIVO_CICLO
780,2026-01-08T15:57:57.875281300,85.1,NO,ARCHIVO_CICLO
378,2026-01-08T15:58:00.036533300,0.0,SÍ,ARCHIVO_CICLO
781,2026-01-08T15:57:57.875281300,83.4,NO,ARCHIVO_CICLO
379,2026-01-08T15:58:00.036533300,119.6,NO,ARCHIVO_CICLO
782,2026-01-08T15:57:57.875281300,0.0,SÍ,ARCHIVO_CICLO
380,2026-01-08T15:58:00.036533300,111.9,NO,ARCHIVO_CICLO
783,2026-01-08T15:57:57.875281300,83.9,NO,ARCHIVO_CICLO
381,2026-01-08T15:58:00.036533300,121.8,NO,ARCHIVO_CICLO
784,2026-01-08T15:57:57.875281300,-2912465.854719162,NO,ARCHIVO_CICLO
382,2026-01-08T15:58:00.036533300,0.0,SÍ,ARCHIVO_CICLO
785,2026-01-08T15:57:57.875281300,0.0,SÍ,ARCHIVO_CICLO
383,2026-01-08T15:58:00.036533300,119.3,NO,ARCHIVO_CICLO
786,2026-01-08T15:57:57.875281300,0.0,SÍ,ARCHIVO_CICLO
384,2026-01-08T15:58:00.036533300,-9437184.062482834,NO,ARCHIVO_CICLO
787,2026-01-08T15:57:57.875281300,81.9,NO,ARCHIVO_CICLO
385,2026-01-08T15:58:00.036533300,0.0,SÍ,ARCHIVO_CICLO
788,2026-01-08T15:57:57.875281300,83.3,NO,ARCHIVO_CICLO
386,2026-01-08T15:58:00.036533300,0.0,SÍ,ARCHIVO_CICLO
789,2026-01-08T15:57:57.875281300,85.8,NO,ARCHIVO_CICLO
387,2026-01-08T15:58:00.036533300,120.5,NO,ARCHIVO_CICLO
790,2026-01-08T15:57:57.875281300,0.0,SÍ,ARCHIVO_CICLO
388,2026-01-08T15:58:00.036533300,111.3,NO,ARCHIVO_CICLO
791,2026-01-08T15:57:57.875281300,81.6,NO,ARCHIVO_CICLO
389,2026-01-08T15:58:00.036533300,123.6,NO,ARCHIVO_CICLO
792,2026-01-08T15:57:57.875281300,-1845775.8677621307,NO,ARCHIVO_CICLO
390,2026-01-08T15:58:00.036533300,0.0,SÍ,ARCHIVO_CICLO
793,2026-01-08T15:57:57.875281300,0.0,SÍ,ARCHIVO_CICLO
391,2026-01-08T15:58:00.036533300,117.0,NO,ARCHIVO_CICLO
794,2026-01-08T15:57:57.875281300,0.0,SÍ,ARCHIVO_CICLO
392,2026-01-08T15:58:00.036533300,-8852495.807664473,NO,ARCHIVO_CICLO
795,2026-01-08T15:57:57.875281300,44.2,NO,ARCHIVO_CICLO
393,2026-01-08T15:58:00.036533300,0.0,SÍ,ARCHIVO_CICLO
796,2026-01-08T15:57:57.875281300,50.4,NO,ARCHIVO_CICLO
394,2026-01-08T15:58:00.036533300,0.0,SÍ,ARCHIVO_CICLO
797,2026-01-08T15:57:57.875281300,50.2,NO,ARCHIVO_CICLO
395,2026-01-08T15:58:00.036533300,119.7,NO,ARCHIVO_CICLO
798,2026-01-08T15:57:57.875281300,0.0,SÍ,ARCHIVO_CICLO
396,2026-01-08T15:58:00.036533300,112.1,NO,ARCHIVO_CICLO
799,2026-01-08T15:57:57.875281300,51.4,NO,ARCHIVO_CICLO
397,2026-01-08T15:58:00.036533300,121.9,NO,ARCHIVO_CICLO
800,2026-01-08T15:57:57.875281300,-919514.1392425995,NO,ARCHIVO_CICLO
398,2026-01-08T15:58:00.036533300,0.0,SÍ,ARCHIVO_CICLO
801,2026-01-08T15:57:57.875281300,0.0,SÍ,ARCHIVO_CICLO
399,2026-01-08T15:58:00.036533300,120.2,NO,ARCHIVO_CICLO
802,2026-01-08T15:57:57.875281300,0.0,SÍ,ARCHIVO_CICLO
400,2026-01-08T15:58:00.036533300,-9152555.295348069,NO,ARCHIVO_CICLO
803,2026-01-08T15:57:57.875281300,30.8,NO,ARCHIVO_CICLO
401,2026-01-08T15:58:00.036533300,0.0,SÍ,ARCHIVO_CICLO
804,2026-01-08T15:57:57.875281300,38.7,NO,ARCHIVO_CICLO
402,2026-01-08T15:58:00.036533300,0.0,SÍ,ARCHIVO_CICLO
805,2026-01-08T15:57:57.875281300,44.6,NO,ARCHIVO_CICLO
403,2026-01-08T15:58:00.036533300,120.3,NO,ARCHIVO_CICLO
806,2026-01-08T15:57:57.875281300,0.0,SÍ,ARCHIVO_CICLO
404,2026-01-08T15:58:00.036533300,121.9,NO,ARCHIVO_CICLO
807,2026-01-08T15:57:57.875281300,44.9,NO,ARCHIVO_CICLO
405,2026-01-08T15:58:00.036533300,119.5,NO,ARCHIVO_CICLO
808,2026-01-08T15:57:57.875281300,-562500.0243968964,NO,ARCHIVO_CICLO
406,2026-01-08T15:58:00.036533300,0.0,SÍ,ARCHIVO_CICLO
809,2026-01-08T15:57:57.875281300,0.0,SÍ,ARCHIVO_CICLO
407,2026-01-08T15:58:00.036533300,117.9,NO,ARCHIVO_CICLO
810,2026-01-08T15:57:57.875281300,0.0,SÍ,ARCHIVO_CICLO
408,2026-01-08T15:58:00.036533300,-8767985.681469165,NO,ARCHIVO_CICLO
811,2026-01-08T15:57:57.875281300,25.7,NO,ARCHIVO_CICLO
409,2026-01-08T15:58:00.036533300,0.0,SÍ,ARCHIVO_CICLO
812,2026-01-08T15:57:57.875281300,30.9,NO,ARCHIVO_CICLO
410,2026-01-08T15:58:00.036533300,0.0,SÍ,ARCHIVO_CICLO
813,2026-01-08T15:57:57.875281300,43.2,NO,ARCHIVO_CICLO
411,2026-01-08T15:58:00.036533300,119.4,NO,ARCHIVO_CICLO
814,2026-01-08T15:57:57.875281300,0.0,SÍ,ARCHIVO_CICLO
412,2026-01-08T15:58:00.036533300,122.0,NO,ARCHIVO_CICLO
815,2026-01-08T15:57:57.875281300,44.6,NO,ARCHIVO_CICLO
413,2026-01-08T15:58:00.036533300,121.4,NO,ARCHIVO_CICLO
816,2026-01-08T15:57:57.875281300,-446637.8340902556,NO,ARCHIVO_CICLO
414,2026-01-08T15:58:00.036533300,0.0,SÍ,ARCHIVO_CICLO
817,2026-01-08T15:57:57.875281300,0.0,SÍ,ARCHIVO_CICLO
415,2026-01-08T15:58:00.036533300,120.0,NO,ARCHIVO_CICLO
818,2026-01-08T15:57:57.875281300,0.0,SÍ,ARCHIVO_CICLO
416,2026-01-08T15:58:00.036533300,-9503694.904129319,NO,ARCHIVO_CICLO
819,2026-01-08T15:57:57.875281300,26.5,NO,ARCHIVO_CICLO
417,2026-01-08T15:58:00.036533300,0.0,SÍ,ARCHIVO_CICLO
820,2026-01-08T15:57:57.875281300,27.3,NO,ARCHIVO_CICLO
418,2026-01-08T15:58:00.036533300,0.0,SÍ,ARCHIVO_CICLO
821,2026-01-08T15:57:57.875281300,40.8,NO,ARCHIVO_CICLO
419,2026-01-08T15:58:00.036533300,120.8,NO,ARCHIVO_CICLO
822,2026-01-08T15:57:57.875281300,0.0,SÍ,ARCHIVO_CICLO
420,2026-01-08T15:58:00.036533300,121.8,NO,ARCHIVO_CICLO
823,2026-01-08T15:57:57.875281300,42.5,NO,ARCHIVO_CICLO
421,2026-01-08T15:58:00.036533300,121.7,NO,ARCHIVO_CICLO
422,2026-01-08T15:58:00.036533300,0.0,SÍ,ARCHIVO_CICLO
423,2026-01-08T15:58:00.036533300,115.9,NO,ARCHIVO_CICLO
424,2026-01-08T15:58:00.036533300,-8600582.405078534,NO,ARCHIVO_CICLO
425,2026-01-08T15:58:00.036533300,0.0,SÍ,ARCHIVO_CICLO
426,2026-01-08T15:58:00.036533300,0.0,SÍ,ARCHIVO_CICLO
427,2026-01-08T15:58:00.036533300,119.3,NO,ARCHIVO_CICLO
428,2026-01-08T15:58:00.036533300,121.8,NO,ARCHIVO_CICLO
429,2026-01-08T15:58:00.036533300,120.7,NO,ARCHIVO_CICLO
430,2026-01-08T15:58:00.036533300,0.0,SÍ,ARCHIVO_CICLO
431,2026-01-08T15:58:00.036533300,119.2,NO,ARCHIVO_CICLO
432,2026-01-08T15:58:00.036533300,-8538359.784432052,NO,ARCHIVO_CICLO
433,2026-01-08T15:58:00.036533300,0.0,SÍ,ARCHIVO_CICLO
434,2026-01-08T15:58:00.036533300,0.0,SÍ,ARCHIVO_CICLO
435,2026-01-08T15:58:00.036533300,117.8,NO,ARCHIVO_CICLO
436,2026-01-08T15:58:00.036533300,119.4,NO,ARCHIVO_CICLO
437,2026-01-08T15:58:00.036533300,117.4,NO,ARCHIVO_CICLO
438,2026-01-08T15:58:00.036533300,0.0,SÍ,ARCHIVO_CICLO
439,2026-01-08T15:58:00.036533300,115.3,NO,ARCHIVO_CICLO
440,2026-01-08T15:58:00.042223,-8579808.060529709,NO,ARCHIVO_CICLO
441,2026-01-08T15:58:00.042223,0.0,SÍ,ARCHIVO_CICLO
442,2026-01-08T15:58:00.042223,0.0,SÍ,ARCHIVO_CICLO
443,2026-01-08T15:58:00.042223,116.7,NO,ARCHIVO_CICLO
444,2026-01-08T15:58:00.042223,117.5,NO,ARCHIVO_CICLO
445,2026-01-08T15:58:00.042223,117.6,NO,ARCHIVO_CICLO
446,2026-01-08T15:58:00.042223,0.0,SÍ,ARCHIVO_CICLO
447,2026-01-08T15:58:00.042223,111.5,NO,ARCHIVO_CICLO
448,2026-01-08T15:58:00.042223,-7834465.980223067,NO,ARCHIVO_CICLO
449,2026-01-08T15:58:00.042223,0.0,SÍ,ARCHIVO_CICLO
450,2026-01-08T15:58:00.042223,0.0,SÍ,ARCHIVO_CICLO
451,2026-01-08T15:58:00.042223,114.6,NO,ARCHIVO_CICLO
452,2026-01-08T15:58:00.042223,116.1,NO,ARCHIVO_CICLO
453,2026-01-08T15:58:00.042223,113.4,NO,ARCHIVO_CICLO
454,2026-01-08T15:58:00.042223,0.0,SÍ,ARCHIVO_CICLO
455,2026-01-08T15:58:00.042223,112.4,NO,ARCHIVO_CICLO
456,2026-01-08T15:58:00.042223,-7450179.749246505,NO,ARCHIVO_CICLO
457,2026-01-08T15:58:00.042223,0.0,SÍ,ARCHIVO_CICLO
458,2026-01-08T15:58:00.042223,0.0,SÍ,ARCHIVO_CICLO
459,2026-01-08T15:58:00.042223,113.0,NO,ARCHIVO_CICLO
460,2026-01-08T15:58:00.042223,114.8,NO,ARCHIVO_CICLO
461,2026-01-08T15:58:00.042223,111.3,NO,ARCHIVO_CICLO
462,2026-01-08T15:58:00.042223,0.0,SÍ,ARCHIVO_CICLO
463,2026-01-08T15:58:00.042223,111.2,NO,ARCHIVO_CICLO
464,2026-01-08T15:58:00.042223,-7602348.97763713,NO,ARCHIVO_CICLO
465,2026-01-08T15:58:00.042223,0.0,SÍ,ARCHIVO_CICLO
466,2026-01-08T15:58:00.042223,0.0,SÍ,ARCHIVO_CICLO
467,2026-01-08T15:58:00.042223,112.2,NO,ARCHIVO_CICLO
468,2026-01-08T15:58:00.042223,112.9,NO,ARCHIVO_CICLO
469,2026-01-08T15:58:00.042223,113.0,NO,ARCHIVO_CICLO
470,2026-01-08T15:58:00.042223,0.0,SÍ,ARCHIVO_CICLO
471,2026-01-08T15:58:00.042223,106.9,NO,ARCHIVO_CICLO
472,2026-01-08T15:58:00.042223,-6897638.652781661,NO,ARCHIVO_CICLO
473,2026-01-08T15:58:00.042223,0.0,SÍ,ARCHIVO_CICLO
474,2026-01-08T15:58:00.042223,0.0,SÍ,ARCHIVO_CICLO
475,2026-01-08T15:58:00.042223,110.2,NO,ARCHIVO_CICLO
476,2026-01-08T15:58:00.042223,112.0,NO,ARCHIVO_CICLO
477,2026-01-08T15:58:00.042223,108.4,NO,ARCHIVO_CICLO
478,2026-01-08T15:58:00.042223,0.0,SÍ,ARCHIVO_CICLO
479,2026-01-08T15:58:00.042223,108.6,NO,ARCHIVO_CICLO
480,2026-01-08T15:58:00.042223,-6666948.055646896,NO,ARCHIVO_CICLO
481,2026-01-08T15:58:00.042223,0.0,SÍ,ARCHIVO_CICLO
482,2026-01-08T15:58:00.042223,0.0,SÍ,ARCHIVO_CICLO
483,2026-01-08T15:58:00.042223,108.9,NO,ARCHIVO_CICLO
484,2026-01-08T15:58:00.042223,110.6,NO,ARCHIVO_CICLO
485,2026-01-08T15:58:00.042223,106.9,NO,ARCHIVO_CICLO
486,2026-01-08T15:58:00.042223,0.0,SÍ,ARCHIVO_CICLO
487,2026-01-08T15:58:00.042223,107.2,NO,ARCHIVO_CICLO
488,2026-01-08T15:58:00.042223,-6170987.89373088,NO,ARCHIVO_CICLO
489,2026-01-08T15:58:00.042223,0.0,SÍ,ARCHIVO_CICLO
490,2026-01-08T15:58:00.042223,0.0,SÍ,ARCHIVO_CICLO
491,2026-01-08T15:58:00.042223,107.0,NO,ARCHIVO_CICLO
492,2026-01-08T15:58:00.042223,109.4,NO,ARCHIVO_CICLO
493,2026-01-08T15:58:00.042223,108.7,NO,ARCHIVO_CICLO
494,2026-01-08T15:58:00.042223,0.0,SÍ,ARCHIVO_CICLO
495,2026-01-08T15:58:00.042223,108.7,NO,ARCHIVO_CICLO
496,2026-01-08T15:58:00.046932100,-6562233.523353929,NO,ARCHIVO_CICLO
497,2026-01-08T15:58:00.046932100,0.0,SÍ,ARCHIVO_CICLO
498,2026-01-08T15:58:00.046932100,0.0,SÍ,ARCHIVO_CICLO
499,2026-01-08T15:58:00.046932100,107.0,NO,ARCHIVO_CICLO
500,2026-01-08T15:58:00.046932100,107.6,NO,ARCHIVO_CICLO
501,2026-01-08T15:58:00.046932100,107.8,NO,ARCHIVO_CICLO
502,2026-01-08T15:58:00.046932100,0.0,SÍ,ARCHIVO_CICLO
503,2026-01-08T15:58:00.046932100,102.2,NO,ARCHIVO_CICLO
504,2026-01-08T15:58:00.047676500,-6104574.247535569,NO,ARCHIVO_CICLO
505,2026-01-08T15:58:00.047676500,0.0,SÍ,ARCHIVO_CICLO
506,2026-01-08T15:58:00.047676500,0.0,SÍ,ARCHIVO_CICLO
507,2026-01-08T15:58:00.047676500,105.7,NO,ARCHIVO_CICLO
508,2026-01-08T15:58:00.047676500,106.5,NO,ARCHIVO_CICLO
509,2026-01-08T15:58:00.047676500,108.9,NO,ARCHIVO_CICLO
510,2026-01-08T15:58:00.047676500,0.0,SÍ,ARCHIVO_CICLO
511,2026-01-08T15:58:00.047676500,103.1,NO,ARCHIVO_CICLO
512,2026-01-08T15:58:00.049923200,-5908195.740949631,NO,ARCHIVO_CICLO
513,2026-01-08T15:58:00.049923200,0.0,SÍ,ARCHIVO_CICLO
514,2026-01-08T15:58:00.049923200,0.0,SÍ,ARCHIVO_CICLO
515,2026-01-08T15:58:00.049923200,104.6,NO,ARCHIVO_CICLO
516,2026-01-08T15:58:00.049923200,105.3,NO,ARCHIVO_CICLO
517,2026-01-08T15:58:00.049923200,107.6,NO,ARCHIVO_CICLO
518,2026-01-08T15:58:00.049923200,0.0,SÍ,ARCHIVO_CICLO
519,2026-01-08T15:58:00.049923200,102.1,NO,ARCHIVO_CICLO
520,2026-01-08T15:58:00.049923200,-5605951.444521896,NO,ARCHIVO_CICLO
521,2026-01-08T15:58:00.049923200,0.0,SÍ,ARCHIVO_CICLO
522,2026-01-08T15:58:00.049923200,0.0,SÍ,ARCHIVO_CICLO
523,2026-01-08T15:58:00.049923200,103.2,NO,ARCHIVO_CICLO
524,2026-01-08T15:58:00.049923200,104.6,NO,ARCHIVO_CICLO
525,2026-01-08T15:58:00.049923200,105.0,NO,ARCHIVO_CICLO
526,2026-01-08T15:58:00.049923200,0.0,SÍ,ARCHIVO_CICLO
527,2026-01-08T15:58:00.049923200,102.3,NO,ARCHIVO_CICLO
528,2026-01-08T15:58:00.051431700,-5344417.757191819,NO,ARCHIVO_CICLO
529,2026-01-08T15:58:00.051431700,0.0,SÍ,ARCHIVO_CICLO
530,2026-01-08T15:58:00.051431700,0.0,SÍ,ARCHIVO_CICLO
531,2026-01-08T15:58:00.051431700,102.0,NO,ARCHIVO_CICLO
532,2026-01-08T15:58:00.051431700,103.6,NO,ARCHIVO_CICLO
533,2026-01-08T15:58:00.051431700,103.4,NO,ARCHIVO_CICLO
534,2026-01-08T15:58:00.051431700,0.0,SÍ,ARCHIVO_CICLO
535,2026-01-08T15:58:00.051431700,102.4,NO,ARCHIVO_CICLO
536,2026-01-08T15:58:00.052944500,-5344417.757191819,NO,ARCHIVO_CICLO
537,2026-01-08T15:58:00.052944500,0.0,SÍ,ARCHIVO_CICLO
538,2026-01-08T15:58:00.052944500,0.0,SÍ,ARCHIVO_CICLO
539,2026-01-08T15:58:00.052944500,101.6,NO,ARCHIVO_CICLO
540,2026-01-08T15:58:00.052944500,102.4,NO,ARCHIVO_CICLO
541,2026-01-08T15:58:00.052944500,105.4,NO,ARCHIVO_CICLO
542,2026-01-08T15:58:00.052944500,0.0,SÍ,ARCHIVO_CICLO
543,2026-01-08T15:58:00.052944500,99.7,NO,ARCHIVO_CICLO
544,2026-01-08T15:58:00.052944500,-4960363.266922286,NO,ARCHIVO_CICLO
545,2026-01-08T15:58:00.052944500,0.0,SÍ,ARCHIVO_CICLO
546,2026-01-08T15:58:00.052944500,0.0,SÍ,ARCHIVO_CICLO
547,2026-01-08T15:58:00.052944500,99.9,NO,ARCHIVO_CICLO
548,2026-01-08T15:58:00.052944500,101.7,NO,ARCHIVO_CICLO
549,2026-01-08T15:58:00.052944500,101.1,NO,ARCHIVO_CICLO
550,2026-01-08T15:58:00.052944500,0.0,SÍ,ARCHIVO_CICLO
551,2026-01-08T15:58:00.052944500,101.3,NO,ARCHIVO_CICLO
552,2026-01-08T15:58:00.052944500,-4989230.488019943,NO,ARCHIVO_CICLO
553,2026-01-08T15:58:00.052944500,0.0,SÍ,ARCHIVO_CICLO
554,2026-01-08T15:58:00.052944500,0.0,SÍ,ARCHIVO_CICLO
555,2026-01-08T15:58:00.052944500,99.7,NO,ARCHIVO_CICLO
556,2026-01-08T15:58:00.052944500,100.7,NO,ARCHIVO_CICLO
557,2026-01-08T15:58:00.052944500,102.5,NO,ARCHIVO_CICLO
558,2026-01-08T15:58:00.052944500,0.0,SÍ,ARCHIVO_CICLO
559,2026-01-08T15:58:00.052944500,98.4,NO,ARCHIVO_CICLO
560,2026-01-08T15:58:00.052944500,-4636354.54929924,NO,ARCHIVO_CICLO
561,2026-01-08T15:58:00.052944500,0.0,SÍ,ARCHIVO_CICLO
562,2026-01-08T15:58:00.052944500,0.0,SÍ,ARCHIVO_CICLO
563,2026-01-08T15:58:00.052944500,98.5,NO,ARCHIVO_CICLO
564,2026-01-08T15:58:00.052944500,100.2,NO,ARCHIVO_CICLO
565,2026-01-08T15:58:00.052944500,98.7,NO,ARCHIVO_CICLO
566,2026-01-08T15:58:00.052944500,0.0,SÍ,ARCHIVO_CICLO
567,2026-01-08T15:58:00.052944500,99.3,NO,ARCHIVO_CICLO
568,2026-01-08T15:58:00.052944500,-4677791.435945724,NO,ARCHIVO_CICLO
569,2026-01-08T15:58:00.052944500,0.0,SÍ,ARCHIVO_CICLO
570,2026-01-08T15:58:00.052944500,0.0,SÍ,ARCHIVO_CICLO
571,2026-01-08T15:58:00.052944500,97.8,NO,ARCHIVO_CICLO
572,2026-01-08T15:58:00.052944500,98.8,NO,ARCHIVO_CICLO
573,2026-01-08T15:58:00.052944500,100.0,NO,ARCHIVO_CICLO
574,2026-01-08T15:58:00.052944500,0.0,SÍ,ARCHIVO_CICLO
575,2026-01-08T15:58:00.052944500,96.8,NO,ARCHIVO_CICLO
576,2026-01-08T15:58:00.052944500,-4353127.55877385,NO,ARCHIVO_CICLO
577,2026-01-08T15:58:00.052944500,0.0,SÍ,ARCHIVO_CICLO
578,2026-01-08T15:58:00.052944500,0.0,SÍ,ARCHIVO_CICLO
579,2026-01-08T15:58:00.052944500,96.8,NO,ARCHIVO_CICLO
580,2026-01-08T15:58:00.052944500,98.5,NO,ARCHIVO_CICLO
581,2026-01-08T15:58:00.052944500,97.0,NO,ARCHIVO_CICLO
582,2026-01-08T15:58:00.052944500,0.0,SÍ,ARCHIVO_CICLO
583,2026-01-08T15:58:00.052944500,97.8,NO,ARCHIVO_CICLO
584,2026-01-08T15:58:00.052944500,-4663951.825396897,NO,ARCHIVO_CICLO
585,2026-01-08T15:58:00.052944500,0.0,SÍ,ARCHIVO_CICLO
586,2026-01-08T15:58:00.052944500,0.0,SÍ,ARCHIVO_CICLO
587,2026-01-08T15:58:00.052944500,96.7,NO,ARCHIVO_CICLO
588,2026-01-08T15:58:00.052944500,96.8,NO,ARCHIVO_CICLO
589,2026-01-08T15:58:00.052944500,97.1,NO,ARCHIVO_CICLO
590,2026-01-08T15:58:00.052944500,0.0,SÍ,ARCHIVO_CICLO
591,2026-01-08T15:58:00.052944500,92.3,NO,ARCHIVO_CICLO
592,2026-01-08T15:58:00.052944500,-4366345.548322678,NO,ARCHIVO_CICLO
593,2026-01-08T15:58:00.052944500,0.0,SÍ,ARCHIVO_CICLO
594,2026-01-08T15:58:00.052944500,0.0,SÍ,ARCHIVO_CICLO
595,2026-01-08T15:58:00.052944500,95.9,NO,ARCHIVO_CICLO
596,2026-01-08T15:58:00.052944500,96.5,NO,ARCHIVO_CICLO
597,2026-01-08T15:58:00.052944500,95.8,NO,ARCHIVO_CICLO
598,2026-01-08T15:58:00.052944500,0.0,SÍ,ARCHIVO_CICLO
599,2026-01-08T15:58:00.052944500,93.5,NO,ARCHIVO_CICLO
600,2026-01-08T15:58:00.056673800,-4432836.986066818,NO,ARCHIVO_CICLO
601,2026-01-08T15:58:00.056673800,0.0,SÍ,ARCHIVO_CICLO
602,2026-01-08T15:58:00.056673800,0.0,SÍ,ARCHIVO_CICLO
603,2026-01-08T15:58:00.056673800,95.4,NO,ARCHIVO_CICLO
604,2026-01-08T15:58:00.056673800,95.5,NO,ARCHIVO_CICLO
605,2026-01-08T15:58:00.056673800,95.6,NO,ARCHIVO_CICLO
606,2026-01-08T15:58:00.056673800,0.0,SÍ,ARCHIVO_CICLO
607,2026-01-08T15:58:00.056673800,91.0,NO,ARCHIVO_CICLO
608,2026-01-08T15:58:00.056673800,-3919427.4841136932,NO,ARCHIVO_CICLO
609,2026-01-08T15:58:00.056673800,0.0,SÍ,ARCHIVO_CICLO
610,2026-01-08T15:58:00.056673800,0.0,SÍ,ARCHIVO_CICLO
611,2026-01-08T15:58:00.056673800,93.7,NO,ARCHIVO_CICLO
612,2026-01-08T15:58:00.056673800,95.5,NO,ARCHIVO_CICLO
613,2026-01-08T15:58:00.056673800,94.4,NO,ARCHIVO_CICLO
614,2026-01-08T15:58:00.056673800,0.0,SÍ,ARCHIVO_CICLO
615,2026-01-08T15:58:00.056673800,95.7,NO,ARCHIVO_CICLO
616,2026-01-08T15:58:00.058471100,-3981312.046857834,NO,ARCHIVO_CICLO
617,2026-01-08T15:58:00.058471100,0.0,SÍ,ARCHIVO_CICLO
618,2026-01-08T15:58:00.058471100,0.0,SÍ,ARCHIVO_CICLO
619,2026-01-08T15:58:00.058471100,93.1,NO,ARCHIVO_CICLO
620,2026-01-08T15:58:00.058471100,94.3,NO,ARCHIVO_CICLO
621,2026-01-08T15:58:00.058471100,94.3,NO,ARCHIVO_CICLO
622,2026-01-08T15:58:00.058471100,0.0,SÍ,ARCHIVO_CICLO
623,2026-01-08T15:58:00.058471100,93.4,NO,ARCHIVO_CICLO
624,2026-01-08T15:58:00.058471100,-4119743.7968949424,NO,ARCHIVO_CICLO
625,2026-01-08T15:58:00.058471100,0.0,SÍ,ARCHIVO_CICLO
626,2026-01-08T15:58:00.058471100,0.0,SÍ,ARCHIVO_CICLO
627,2026-01-08T15:58:00.058471100,92.9,NO,ARCHIVO_CICLO
628,2026-01-08T15:58:00.058471100,93.0,NO,ARCHIVO_CICLO
629,2026-01-08T15:58:00.058471100,93.9,NO,ARCHIVO_CICLO
630,2026-01-08T15:58:00.058471100,0.0,SÍ,ARCHIVO_CICLO
631,2026-01-08T15:58:00.058471100,89.9,NO,ARCHIVO_CICLO
632,2026-01-08T15:58:00.058471100,-3931752.718662521,NO,ARCHIVO_CICLO
633,2026-01-08T15:58:00.058471100,0.0,SÍ,ARCHIVO_CICLO
634,2026-01-08T15:58:00.058471100,0.0,SÍ,ARCHIVO_CICLO
635,2026-01-08T15:58:00.058471100,92.6,NO,ARCHIVO_CICLO
636,2026-01-08T15:58:00.058471100,92.7,NO,ARCHIVO_CICLO
637,2026-01-08T15:58:00.058471100,92.5,NO,ARCHIVO_CICLO
638,2026-01-08T15:58:00.058471100,0.0,SÍ,ARCHIVO_CICLO
639,2026-01-08T15:58:00.058471100,89.2,NO,ARCHIVO_CICLO
640,2026-01-08T15:58:00.058471100,-3919427.4841136932,NO,ARCHIVO_CICLO
641,2026-01-08T15:58:00.058471100,0.0,SÍ,ARCHIVO_CICLO
642,2026-01-08T15:58:00.058471100,0.0,SÍ,ARCHIVO_CICLO
643,2026-01-08T15:58:00.058471100,91.9,NO,ARCHIVO_CICLO
644,2026-01-08T15:58:00.058471100,91.9,NO,ARCHIVO_CICLO
645,2026-01-08T15:58:00.058471100,91.9,NO,ARCHIVO_CICLO
646,2026-01-08T15:58:00.058471100,0.0,SÍ,ARCHIVO_CICLO
647,2026-01-08T15:58:00.058471100,87.9,NO,ARCHIVO_CICLO
648,2026-01-08T15:58:00.058471100,-3690116.397685958,NO,ARCHIVO_CICLO
649,2026-01-08T15:58:00.058471100,0.0,SÍ,ARCHIVO_CICLO
650,2026-01-08T15:58:00.058471100,0.0,SÍ,ARCHIVO_CICLO
651,2026-01-08T15:58:00.058471100,90.8,NO,ARCHIVO_CICLO
652,2026-01-08T15:58:00.058471100,91.6,NO,ARCHIVO_CICLO
653,2026-01-08T15:58:00.058471100,89.9,NO,ARCHIVO_CICLO
654,2026-01-08T15:58:00.058471100,0.0,SÍ,ARCHIVO_CICLO
655,2026-01-08T15:58:00.058471100,89.9,NO,ARCHIVO_CICLO
656,2026-01-08T15:58:00.058471100,-3797588.858625412,NO,ARCHIVO_CICLO
657,2026-01-08T15:58:00.058471100,0.0,SÍ,ARCHIVO_CICLO
658,2026-01-08T15:58:00.058471100,0.0,SÍ,ARCHIVO_CICLO
659,2026-01-08T15:58:00.058471100,91.3,NO,ARCHIVO_CICLO
660,2026-01-08T15:58:00.058471100,90.6,NO,ARCHIVO_CICLO
661,2026-01-08T15:58:00.058471100,90.3,NO,ARCHIVO_CICLO
662,2026-01-08T15:58:00.058471100,0.0,SÍ,ARCHIVO_CICLO
663,2026-01-08T15:58:00.058471100,86.0,NO,ARCHIVO_CICLO
664,2026-01-08T15:58:00.061971100,-3515534.869453537,NO,ARCHIVO_CICLO
665,2026-01-08T15:58:00.061971100,0.0,SÍ,ARCHIVO_CICLO
666,2026-01-08T15:58:00.061971100,0.0,SÍ,ARCHIVO_CICLO
667,2026-01-08T15:58:00.061971100,89.2,NO,ARCHIVO_CICLO
668,2026-01-08T15:58:00.061971100,91.0,NO,ARCHIVO_CICLO
669,2026-01-08T15:58:00.061971100,88.7,NO,ARCHIVO_CICLO
670,2026-01-08T15:58:00.061971100,0.0,SÍ,ARCHIVO_CICLO
671,2026-01-08T15:58:00.061971100,89.2,NO,ARCHIVO_CICLO
672,2026-01-08T15:58:00.061971100,-3607942.9458441623,NO,ARCHIVO_CICLO
673,2026-01-08T15:58:00.061971100,0.0,SÍ,ARCHIVO_CICLO
674,2026-01-08T15:58:00.061971100,0.0,SÍ,ARCHIVO_CICLO
675,2026-01-08T15:58:00.061971100,88.5,NO,ARCHIVO_CICLO
676,2026-01-08T15:58:00.061971100,89.9,NO,ARCHIVO_CICLO
677,2026-01-08T15:58:00.061971100,91.6,NO,ARCHIVO_CICLO
678,2026-01-08T15:58:00.061971100,0.0,SÍ,ARCHIVO_CICLO
679,2026-01-08T15:58:00.061971100,87.7,NO,ARCHIVO_CICLO
680,2026-01-08T15:58:00.061971100,-3584690.968746506,NO,ARCHIVO_CICLO
681,2026-01-08T15:58:00.061971100,0.0,SÍ,ARCHIVO_CICLO
682,2026-01-08T15:58:00.061971100,0.0,SÍ,ARCHIVO_CICLO
683,2026-01-08T15:58:00.061971100,87.8,NO,ARCHIVO_CICLO
684,2026-01-08T15:58:00.061971100,89.5,NO,ARCHIVO_CICLO
685,2026-01-08T15:58:00.061971100,91.0,NO,ARCHIVO_CICLO
686,2026-01-08T15:58:00.061971100,0.0,SÍ,ARCHIVO_CICLO
687,2026-01-08T15:58:00.061971100,87.0,NO,ARCHIVO_CICLO
688,2026-01-08T15:58:00.066211900,-3368759.948318771,NO,ARCHIVO_CICLO
689,2026-01-08T15:58:00.066211900,0.0,SÍ,ARCHIVO_CICLO
690,2026-01-08T15:58:00.066211900,0.0,SÍ,ARCHIVO_CICLO
691,2026-01-08T15:58:00.066211900,86.7,NO,ARCHIVO_CICLO
692,2026-01-08T15:58:00.066211900,89.7,NO,ARCHIVO_CICLO
693,2026-01-08T15:58:00.066211900,91.2,NO,ARCHIVO_CICLO
694,2026-01-08T15:58:00.066211900,0.0,SÍ,ARCHIVO_CICLO
695,2026-01-08T15:58:00.066211900,88.2,NO,ARCHIVO_CICLO
696,2026-01-08T15:58:00.066211900,-3469928.503258225,NO,ARCHIVO_CICLO
697,2026-01-08T15:58:00.066211900,0.0,SÍ,ARCHIVO_CICLO
698,2026-01-08T15:58:00.066211900,0.0,SÍ,ARCHIVO_CICLO
699,2026-01-08T15:58:00.066211900,86.8,NO,ARCHIVO_CICLO
700,2026-01-08T15:58:00.066211900,88.5,NO,ARCHIVO_CICLO
701,2026-01-08T15:58:00.066211900,90.1,NO,ARCHIVO_CICLO
702,2026-01-08T15:58:00.066211900,0.0,SÍ,ARCHIVO_CICLO
703,2026-01-08T15:58:00.066211900,86.0,NO,ARCHIVO_CICLO
704,2026-01-08T15:58:00.068552,-3435983.7926117405,NO,ARCHIVO_CICLO
705,2026-01-08T15:58:00.068552,0.0,SÍ,ARCHIVO_CICLO
706,2026-01-08T15:58:00.068552,0.0,SÍ,ARCHIVO_CICLO
707,2026-01-08T15:58:00.068552,86.9,NO,ARCHIVO_CICLO
708,2026-01-08T15:58:00.068552,88.5,NO,ARCHIVO_CICLO
709,2026-01-08T15:58:00.068552,89.2,NO,ARCHIVO_CICLO
710,2026-01-08T15:58:00.068552,0.0,SÍ,ARCHIVO_CICLO
711,2026-01-08T15:58:00.068552,84.9,NO,ARCHIVO_CICLO
712,2026-01-08T15:58:00.068552,-3458588.876709396,NO,ARCHIVO_CICLO
713,2026-01-08T15:58:00.068552,0.0,SÍ,ARCHIVO_CICLO
714,2026-01-08T15:58:00.068552,0.0,SÍ,ARCHIVO_CICLO
715,2026-01-08T15:58:00.068552,86.1,NO,ARCHIVO_CICLO
716,2026-01-08T15:58:00.068552,87.8,NO,ARCHIVO_CICLO
717,2026-01-08T15:58:00.068552,88.8,NO,ARCHIVO_CICLO
718,2026-01-08T15:58:00.068552,0.0,SÍ,ARCHIVO_CICLO
719,2026-01-08T15:58:00.068552,84.3,NO,ARCHIVO_CICLO
720,2026-01-08T15:58:00.068552,-3269577.1893793186,NO,ARCHIVO_CICLO
721,2026-01-08T15:58:00.068552,0.0,SÍ,ARCHIVO_CICLO
722,2026-01-08T15:58:00.068552,0.0,SÍ,ARCHIVO_CICLO
723,2026-01-08T15:58:00.068552,84.7,NO,ARCHIVO_CICLO
724,2026-01-08T15:58:00.068552,87.8,NO,ARCHIVO_CICLO
725,2026-01-08T15:58:00.068552,89.7,NO,ARCHIVO_CICLO
726,2026-01-08T15:58:00.068552,0.0,SÍ,ARCHIVO_CICLO
727,2026-01-08T15:58:00.068552,86.2,NO,ARCHIVO_CICLO
728,2026-01-08T15:58:00.068552,-3172360.543439865,NO,ARCHIVO_CICLO
729,2026-01-08T15:58:00.068552,0.0,SÍ,ARCHIVO_CICLO
730,2026-01-08T15:58:00.068552,0.0,SÍ,ARCHIVO_CICLO
731,2026-01-08T15:58:00.068552,84.3,NO,ARCHIVO_CICLO
732,2026-01-08T15:58:00.068552,87.7,NO,ARCHIVO_CICLO
733,2026-01-08T15:58:00.068552,85.2,NO,ARCHIVO_CICLO
734,2026-01-08T15:58:00.068552,0.0,SÍ,ARCHIVO_CICLO
735,2026-01-08T15:58:00.068552,85.9,NO,ARCHIVO_CICLO
736,2026-01-08T15:58:00.068552,-3151021.8673422085,NO,ARCHIVO_CICLO
737,2026-01-08T15:58:00.068552,0.0,SÍ,ARCHIVO_CICLO
738,2026-01-08T15:58:00.068552,0.0,SÍ,ARCHIVO_CICLO
739,2026-01-08T15:58:00.068552,84.3,NO,ARCHIVO_CICLO
740,2026-01-08T15:58:00.068552,86.9,NO,ARCHIVO_CICLO
741,2026-01-08T15:58:00.068552,85.8,NO,ARCHIVO_CICLO
742,2026-01-08T15:58:00.068552,0.0,SÍ,ARCHIVO_CICLO
743,2026-01-08T15:58:00.068552,85.1,NO,ARCHIVO_CICLO
744,2026-01-08T15:58:00.068552,-3035367.6413050997,NO,ARCHIVO_CICLO
745,2026-01-08T15:58:00.068552,0.0,SÍ,ARCHIVO_CICLO
746,2026-01-08T15:58:00.068552,0.0,SÍ,ARCHIVO_CICLO
747,2026-01-08T15:58:00.068552,83.4,NO,ARCHIVO_CICLO
748,2026-01-08T15:58:00.068552,86.9,NO,ARCHIVO_CICLO
749,2026-01-08T15:58:00.068552,84.9,NO,ARCHIVO_CICLO
750,2026-01-08T15:58:00.068552,0.0,SÍ,ARCHIVO_CICLO
751,2026-01-08T15:58:00.068552,85.3,NO,ARCHIVO_CICLO
752,2026-01-08T15:58:00.068552,-3066624.042951584,NO,ARCHIVO_CICLO
753,2026-01-08T15:58:00.068552,0.0,SÍ,ARCHIVO_CICLO
754,2026-01-08T15:58:00.068552,0.0,SÍ,ARCHIVO_CICLO
755,2026-01-08T15:58:00.068552,83.3,NO,ARCHIVO_CICLO
756,2026-01-08T15:58:00.068552,85.9,NO,ARCHIVO_CICLO
757,2026-01-08T15:58:00.068552,84.6,NO,ARCHIVO_CICLO
758,2026-01-08T15:58:00.068552,0.0,SÍ,ARCHIVO_CICLO
759,2026-01-08T15:58:00.068552,84.1,NO,ARCHIVO_CICLO
760,2026-01-08T15:58:00.068552,-3004324.3506586156,NO,ARCHIVO_CICLO
761,2026-01-08T15:58:00.068552,0.0,SÍ,ARCHIVO_CICLO
762,2026-01-08T15:58:00.068552,0.0,SÍ,ARCHIVO_CICLO
763,2026-01-08T15:58:00.068552,82.8,NO,ARCHIVO_CICLO
764,2026-01-08T15:58:00.068552,85.5,NO,ARCHIVO_CICLO
765,2026-01-08T15:58:00.068552,83.6,NO,ARCHIVO_CICLO
766,2026-01-08T15:58:00.068552,0.0,SÍ,ARCHIVO_CICLO
767,2026-01-08T15:58:00.068552,83.8,NO,ARCHIVO_CICLO
768,2026-01-08T15:58:00.072774,-2912465.854719162,NO,ARCHIVO_CICLO
769,2026-01-08T15:58:00.072774,0.0,SÍ,ARCHIVO_CICLO
770,2026-01-08T15:58:00.072774,0.0,SÍ,ARCHIVO_CICLO
771,2026-01-08T15:58:00.072774,81.5,NO,ARCHIVO_CICLO
772,2026-01-08T15:58:00.072774,85.0,NO,ARCHIVO_CICLO
773,2026-01-08T15:58:00.072774,85.5,NO,ARCHIVO_CICLO
774,2026-01-08T15:58:00.072774,0.0,SÍ,ARCHIVO_CICLO
775,2026-01-08T15:58:00.072774,84.5,NO,ARCHIVO_CICLO
776,2026-01-08T15:58:00.072774,-2783115.977584397,NO,ARCHIVO_CICLO
777,2026-01-08T15:58:00.072774,0.0,SÍ,ARCHIVO_CICLO
778,2026-01-08T15:58:00.072774,0.0,SÍ,ARCHIVO_CICLO
779,2026-01-08T15:58:00.072774,81.8,NO,ARCHIVO_CICLO
780,2026-01-08T15:58:00.072774,85.1,NO,ARCHIVO_CICLO
781,2026-01-08T15:58:00.072774,83.4,NO,ARCHIVO_CICLO
782,2026-01-08T15:58:00.072774,0.0,SÍ,ARCHIVO_CICLO
783,2026-01-08T15:58:00.072774,83.9,NO,ARCHIVO_CICLO
784,2026-01-08T15:58:00.072774,-2912465.854719162,NO,ARCHIVO_CICLO
785,2026-01-08T15:58:00.072774,0.0,SÍ,ARCHIVO_CICLO
786,2026-01-08T15:58:00.072774,0.0,SÍ,ARCHIVO_CICLO
787,2026-01-08T15:58:00.072774,81.9,NO,ARCHIVO_CICLO
788,2026-01-08T15:58:00.072774,83.3,NO,ARCHIVO_CICLO
789,2026-01-08T15:58:00.072774,85.8,NO,ARCHIVO_CICLO
790,2026-01-08T15:58:00.072774,0.0,SÍ,ARCHIVO_CICLO
791,2026-01-08T15:58:00.072774,81.6,NO,ARCHIVO_CICLO
792,2026-01-08T15:58:00.072774,-1845775.8677621307,NO,ARCHIVO_CICLO
793,2026-01-08T15:58:00.072774,0.0,SÍ,ARCHIVO_CICLO
794,2026-01-08T15:58:00.072774,0.0,SÍ,ARCHIVO_CICLO
795,2026-01-08T15:58:00.072774,44.2,NO,ARCHIVO_CICLO
796,2026-01-08T15:58:00.072774,50.4,NO,ARCHIVO_CICLO
797,2026-01-08T15:58:00.072774,50.2,NO,ARCHIVO_CICLO
798,2026-01-08T15:58:00.072774,0.0,SÍ,ARCHIVO_CICLO
799,2026-01-08T15:58:00.072774,51.4,NO,ARCHIVO_CICLO
800,2026-01-08T15:58:00.072774,-919514.1392425995,NO,ARCHIVO_CICLO
801,2026-01-08T15:58:00.072774,0.0,SÍ,ARCHIVO_CICLO
802,2026-01-08T15:58:00.072774,0.0,SÍ,ARCHIVO_CICLO
803,2026-01-08T15:58:00.072774,30.8,NO,ARCHIVO_CICLO
804,2026-01-08T15:58:00.072774,38.7,NO,ARCHIVO_CICLO
805,2026-01-08T15:58:00.072774,44.6,NO,ARCHIVO_CICLO
806,2026-01-08T15:58:00.072774,0.0,SÍ,ARCHIVO_CICLO
807,2026-01-08T15:58:00.072774,44.9,NO,ARCHIVO_CICLO
808,2026-01-08T15:58:00.072774,-562500.0243968964,NO,ARCHIVO_CICLO
809,2026-01-08T15:58:00.072774,0.0,SÍ,ARCHIVO_CICLO
810,2026-01-08T15:58:00.072774,0.0,SÍ,ARCHIVO_CICLO
811,2026-01-08T15:58:00.072774,25.7,NO,ARCHIVO_CICLO
812,2026-01-08T15:58:00.072774,30.9,NO,ARCHIVO_CICLO
813,2026-01-08T15:58:00.072774,43.2,NO,ARCHIVO_CICLO
814,2026-01-08T15:58:00.072774,0.0,SÍ,ARCHIVO_CICLO
815,2026-01-08T15:58:00.072774,44.6,NO,ARCHIVO_CICLO
816,2026-01-08T15:58:00.072774,-446637.8340902556,NO,ARCHIVO_CICLO
817,2026-01-08T15:58:00.072774,0.0,SÍ,ARCHIVO_CICLO
818,2026-01-08T15:58:00.072774,0.0,SÍ,ARCHIVO_CICLO
819,2026-01-08T15:58:00.072774,26.5,NO,ARCHIVO_CICLO
820,2026-01-08T15:58:00.072774,27.3,NO,ARCHIVO_CICLO
821,2026-01-08T15:58:00.072774,40.8,NO,ARCHIVO_CICLO
822,2026-01-08T15:58:00.072774,0.0,SÍ,ARCHIVO_CICLO
823,2026-01-08T15:58:00.072774,42.5,NO,ARCHIVO_CICLO
